instant;dteday;season;year;month;holiday;a_week;weather_situation;temp;atemp;humidity;wind_speed;casual;registered;count_cr;category_days;humidity_category
1;01/01/2011;Spring;2011;Jan;0;Saturday;Misty;14.110.847;1.818.125;8.058.330.000.000.000;10.749.882;331;654;985;weekend;Lembab
2;02/01/2011;Spring;2011;Jan;0;Sunday;Misty;14.902.598.000.000.000;17.686.950.000.000.000;696.087;16.652.113;131;670;801;weekend;Lembab
3;03/01/2011;Spring;2011;Jan;0;Monday;Clear;8.050.924;947.025;437.273;16.636.703;120;1229;1349;weekdays;Kering
4;04/01/2011;Spring;2011;Jan;0;Tuesday;Clear;8.200.000.000.000.000;106.061;590.435;10.739.832;108;1454;1562;weekdays;Ideal
5;05/01/2011;Spring;2011;Jan;0;Wednesday;Clear;9.305.237;114.635;43.695.699.999.999.900;12.522.300.000.000.000;82;1518;1600;weekdays;Kering
6;06/01/2011;Spring;2011;Jan;0;Thrusday;Clear;8.378.268;1.166.045;518.261;60.008.684;88;1518;1606;weekdays;Ideal
7;07/01/2011;Spring;2011;Jan;0;Friday;Misty;8.057.402;1.044.195;498.696;11.304.642;148;1362;1510;weekdays;Ideal
8;08/01/2011;Spring;2011;Jan;0;Saturday;Misty;6.765.000.000.000.000;81.127;535.833;17.875.868;68;891;959;weekend;Ideal
9;09/01/2011;Spring;2011;Jan;0;Sunday;Clear;5.671.653;580.875;43.416.700.000.000.000;2.425.065;54;768;822;weekend;Kering
10;10/01/2011;Spring;2011;Jan;0;Monday;Clear;6.184.153;75.443.999.999.999.900;482.917;14.958.889;41;1280;1321;weekdays;Ideal
11;11/01/2011;Spring;2011;Jan;0;Tuesday;Misty;69.327.309.999.999.900;95.732;686.364;8.182.844.000.000.000;43;1220;1263;weekdays;Lembab
12;12/01/2011;Spring;2011;Jan;0;Wednesday;Clear;70.818.069.999.999.900;802.365;59.954.499.999.999.900;20.410.009;25;1137;1162;weekdays;Ideal
13;13/01/2011;Spring;2011;Jan;0;Thrusday;Clear;6.765.000.000.000.000;7.544.149.999.999.990;470.417;20.166.999.999.999.900;38;1368;1406;weekdays;Ideal
14;14/01/2011;Spring;2011;Jan;0;Friday;Clear;659.567;942.065;537.826;8.478.716;54;1367;1421;weekdays;Ideal
15;15/01/2011;Spring;2011;Jan;0;Saturday;Misty;9.566.653;124.056;49.875;10.583.521;222;1026;1248;weekend;Ideal
16;16/01/2011;Spring;2011;Jan;0;Sunday;Clear;9.498.347;1.171.085;48.375;12.625.010.999.999.900;251;953;1204;weekend;Ideal
17;17/01/2011;Spring;2011;Jan;1;Monday;Misty;7.209.153;8.838.550.000.000.000;53.75;12.999.139;117;883;1000;weekdays;Ideal
18;18/01/2011;Spring;2011;Jan;0;Tuesday;Misty;8.883.347;1.161.665;8.616.669.999.999.990;9.833.924.999.999.990;9;674;683;weekdays;Lembab
19;19/01/2011;Spring;2011;Jan;0;Wednesday;Misty;11.979.134;14.921.100.000.000.000;741.739;13.957.239;78;1572;1650;weekdays;Lembab
20;20/01/2011;Spring;2011;Jan;0;Thrusday;Misty;10.728.347;127.525;53.833.299.999.999.900;13.125.568;83;1844;1927;weekdays;Ideal
21;21/01/2011;Spring;2011;Jan;0;Friday;Clear;72.775;789.165;457.083;23.667.214;75;1468;1543;weekdays;Ideal
22;22/01/2011;Spring;2011;Jan;0;Saturday;Clear;24.243.464;39.534.800.000.000.000;40.0;1.152.199;93;888;981;weekend;Kering
23;23/01/2011;Spring;2011;Jan;0;Sunday;Clear;39.573.897.000.000.000;4.941.955;436.522;165.222;150;836;986;weekend;Kering
24;24/01/2011;Spring;2011;Jan;0;Monday;Clear;39.930.433;58.965;49.173.899.999.999.900;1.060.811;86;1330;1416;weekdays;Ideal
25;25/01/2011;Spring;2011;Jan;0;Tuesday;Misty;9.162.598.000.000.000;117.263;61.695.699.999.999.900;8.696.332;186;1799;1985;weekdays;Ideal
26;26/01/2011;Spring;2011;Jan;0;Wednesday;Light_Rainsnow;89.175;10.18;86.25;1.968.795;34;472;506;weekdays;Lembab
27;27/01/2011;Spring;2011;Jan;0;Thrusday;Clear;7.995;10.985;68.75;7.627.078.999.999.990;15;416;431;weekdays;Lembab
28;28/01/2011;Spring;2011;Jan;0;Friday;Misty;8.342.597.999.999.990;11.165.849.999.999.900;7.930.430.000.000.000;82.611;38;1129;1167;weekdays;Lembab
29;29/01/2011;Spring;2011;Jan;0;Saturday;Clear;8.057.402;10.606.300.000.000.000;6.517.389.999.999.990;9.739.455;123;975;1098;weekend;Lembab
30;30/01/2011;Spring;2011;Jan;0;Sunday;Clear;8.877.402;125.161;722.174;4.956.834.199.999.990;140;956;1096;weekend;Lembab
31;31/01/2011;Spring;2011;Jan;0;Monday;Misty;7.414.153;93.125;60.375;12.541.864;42;1459;1501;weekdays;Ideal
32;01/02/2011;Spring;2011;Feb;0;Tuesday;Misty;78.791.340.000.000.000;117.265;829.565;3.565.271;47;1313;1360;weekdays;Lembab
33;02/02/2011;Spring;2011;Feb;0;Wednesday;Misty;10.66;1.272.085;775.417;17.708.636;72;1454;1526;weekdays;Lembab
34;03/02/2011;Spring;2011;Feb;0;Thrusday;Clear;7.665.237;88.939;437.826;18.609.384;61;1489;1550;weekdays;Kering
35;04/02/2011;Spring;2011;Feb;0;Friday;Misty;8.663.464;11.429.350.000.000.000;58.521.699.999.999.900;8.565.213;88;1620;1708;weekdays;Ideal
36;05/02/2011;Spring;2011;Feb;0;Saturday;Misty;9.566.653;12.152.899.999.999.900;9.291.669.999.999.990;10.792.293;100;905;1005;weekend;Lembab
37;06/02/2011;Spring;2011;Feb;0;Sunday;Clear;11.719.153;1.458.355;56.833.299.999.999.900;95.006;354;1269;1623;weekend;Ideal
38;07/02/2011;Spring;2011;Feb;0;Monday;Clear;11.138.347;151.829;7.383.330.000.000.000;30.423.561;120;1592;1712;weekdays;Lembab
39;08/02/2011;Spring;2011;Feb;0;Tuesday;Clear;9.054.153;99.123;537.917;2.425.065;64;1466;1530;weekdays;Ideal
40;09/02/2011;Spring;2011;Feb;0;Wednesday;Misty;5.526.102.999.999.990;721.415;494.783;12.652.213;53;1552;1605;weekdays;Ideal
41;10/02/2011;Spring;2011;Feb;0;Thrusday;Clear;5.918.268;7.477.399.999.999.990;437.391;14.869.645;47;1491;1538;weekdays;Kering
42;11/02/2011;Spring;2011;Feb;0;Friday;Clear;7.752.731.000.000.000;1.067.545;506.364;7.272.849.999.999.990;149;1597;1746;weekdays;Ideal
43;12/02/2011;Spring;2011;Feb;0;Saturday;Clear;91.225;116.477;544.167;13.625.589;288;1184;1472;weekend;Ideal
44;13/02/2011;Spring;2011;Feb;0;Sunday;Clear;12.977.402.000.000.000;1.620.565;457.391;17.479.160.999.999.900;397;1192;1589;weekend;Ideal
45;14/02/2011;Spring;2011;Feb;0;Monday;Clear;17.015;199.175;37.583.299.999.999.900;27.999.836;208;1705;1913;weekdays;Kering
46;15/02/2011;Spring;2011;Feb;0;Tuesday;Clear;10.909.567.000.000.000;127.137;31.434.800.000.000.000;19.522.058;140;1675;1815;weekdays;Kering
47;16/02/2011;Spring;2011;Feb;0;Wednesday;Clear;13.048.701.000.000.000;15.809.999.999.999.900;423.478;16.869.996.999.999.900;218;1897;2115;weekdays;Kering
48;17/02/2011;Spring;2011;Feb;0;Thrusday;Clear;17.869.153;214.329;50.5;15.416.968;259;2216;2475;weekdays;Ideal
49;18/02/2011;Spring;2011;Feb;0;Friday;Clear;21.388.347;25.599.149.999.999.900;516.667;17.749.975.000.000.000;579;2348;2927;weekdays;Ideal
50;19/02/2011;Spring;2011;Feb;0;Saturday;Clear;16.365.847;195.702;187.917;34.000.021;532;1103;1635;weekend;Kering
51;20/02/2011;Spring;2011;Feb;0;Sunday;Clear;11.693.897;138.665;407.826;14.956.745;639;1173;1812;weekend;Kering
52;21/02/2011;Spring;2011;Feb;1;Monday;Misty;12.436.653.000.000.000;14.203.750.000.000.000;60.5;20.625.682;195;912;1107;weekdays;Ideal
53;22/02/2011;Spring;2011;Feb;0;Tuesday;Clear;7.471.102;930.165;577.778;13.110.761;74;1376;1450;weekdays;Ideal
54;23/02/2011;Spring;2011;Feb;0;Wednesday;Clear;9.091.299;1.228.585;423.043;63.055.710.000.000.000;139;1778;1917;weekdays;Kering
55;24/02/2011;Spring;2011;Feb;0;Thrusday;Misty;12.121.732.000.000.000;14.459.549.999.999.900;697.391;16.783.231.999.999.900;100;1707;1807;weekdays;Lembab
56;25/02/2011;Spring;2011;Feb;0;Friday;Misty;14.938.268;1.752.305;712.174;23.218.113;120;1341;1461;weekdays;Lembab
57;26/02/2011;Spring;2011;Feb;0;Saturday;Clear;115.825;141.096;537.917;12.500.257;424;1545;1969;weekend;Ideal
58;27/02/2011;Spring;2011;Feb;0;Sunday;Clear;14.082.598;1.755.545;68.0;8.391.615.999.999.990;694;1708;2402;weekend;Lembab
59;28/02/2011;Spring;2011;Feb;0;Monday;Misty;16.698.193;20.005.899.999.999.900;8.763.640.000.000.000;19.408.962;81;1365;1446;weekdays;Lembab
60;01/03/2011;Spring;2011;Mar;0;Tuesday;Clear;10.933.347;1.319.395;53.5;14.500.475;137;1714;1851;weekdays;Ideal
61;02/03/2011;Spring;2011;Mar;0;Wednesday;Clear;13.735.000.000.000.000;1.600.355;449.583;20.624.811;231;1903;2134;weekdays;Kering
62;03/03/2011;Spring;2011;Mar;0;Thrusday;Clear;8.131.653;1.000.665;31.833.299.999.999.900;15.125.518.000.000.000;123;1562;1685;weekdays;Kering
63;04/03/2011;Spring;2011;Mar;0;Friday;Misty;10.728.347;12.783.949.999.999.900;610.417;13.624.182;214;1730;1944;weekdays;Ideal
64;05/03/2011;Spring;2011;Mar;0;Saturday;Misty;15.750.846.999.999.900;1.893.895;7.891.669.999.999.990;16.875.357;640;1437;2077;weekend;Lembab
65;06/03/2011;Spring;2011;Mar;0;Sunday;Misty;15.437.402;183.126;948.261;23.000.229;114;491;605;weekend;Lembab
66;07/03/2011;Spring;2011;Mar;0;Monday;Clear;10.731.299;1.192.305;551.304;22.870.584;244;1628;1872;weekdays;Ideal
67;08/03/2011;Spring;2011;Mar;0;Tuesday;Clear;119.925;15.120.000.000.000.000;420.833;8.083.549.999.999.990;316;1817;2133;weekdays;Kering
68;09/03/2011;Spring;2011;Mar;0;Wednesday;Misty;12.129.153;143.304;775.417;14.750.050.000.000.000;191;1700;1891;weekdays;Lembab
69;10/03/2011;Spring;2011;Mar;0;Thrusday;Light_Rainsnow;15.952.731;192.834;0.0;17.545.759;46;577;623;weekdays;Kering
70;11/03/2011;Spring;2011;Mar;0;Friday;Misty;12.977.402.000.000.000;15.25;6.495.649.999.999.990;1.560.899;247;1730;1977;weekdays;Ideal
71;12/03/2011;Spring;2011;Mar;0;Saturday;Clear;13.495.847;16.287.499.999.999.900;59.458.299.999.999.900;14.791.924.999.999.900;724;1408;2132;weekend;Ideal
72;13/03/2011;Spring;2011;Mar;0;Sunday;Clear;15.758.268.000.000.000;19.004.550.000.000.000;5.273.910.000.000.000;18.130.468;982;1435;2417;weekend;Ideal
73;14/03/2011;Spring;2011;Mar;0;Monday;Clear;13.333.896.999.999.900;16.6;49.695.699.999.999.900;9.174.042;359;1687;2046;weekdays;Ideal
74;15/03/2011;Spring;2011;Mar;0;Tuesday;Misty;13.013.031;15.908.900.000.000.000;655.652;12.348.703;289;1767;2056;weekdays;Lembab
75;16/03/2011;Spring;2011;Mar;0;Wednesday;Misty;14.973.897.000.000.000;183.465;7.765.220.000.000.000;13.608.839;321;1871;2192;weekdays;Lembab
76;17/03/2011;Spring;2011;Mar;0;Thrusday;Clear;17.015;2.051.665;60.291.700.000.000.000;14.041.792.999.999.900;424;2320;2744;weekdays;Ideal
77;18/03/2011;Spring;2011;Mar;0;Friday;Clear;22.14;2.635.045;525.217;15.478.139;884;2355;3239;weekdays;Ideal
78;19/03/2011;Spring;2011;Mar;0;Saturday;Clear;193.725;2.332.625;379.167;24.667.189;1424;1693;3117;weekend;Kering
79;20/03/2011;Spring;2011;Mar;0;Sunday;Clear;136.325;16.287.499.999.999.900;47.375;13.917.307;1047;1424;2471;weekend;Ideal
80;21/03/2011;Summer;2011;Mar;0;Monday;Misty;17.647.835;2.048.675;7.373.910.000.000.000;19.348.461;401;1676;2077;weekdays;Lembab
81;22/03/2011;Summer;2011;Mar;0;Tuesday;Clear;18.108.347;220.321;624.583;15.125.250.000.000.000;460;2243;2703;weekdays;Ideal
82;23/03/2011;Summer;2011;Mar;0;Wednesday;Misty;14.225.237;1.689.695;839.565;15.695.487;203;1918;2121;weekdays;Lembab
83;24/03/2011;Summer;2011;Mar;0;Thrusday;Misty;11.684.999.999.999.900;13.541.649.999.999.900;8.058.330.000.000.000;16.333.729;166;1699;1865;weekdays;Lembab
84;25/03/2011;Summer;2011;Mar;0;Friday;Clear;10.830.846.999.999.900;128.156;49.5;15.458.575.000.000.000;300;1910;2210;weekdays;Ideal
85;26/03/2011;Summer;2011;Mar;0;Saturday;Clear;10.899.153;1.287.855;394.167;14.041.257;981;1515;2496;weekend;Kering
86;27/03/2011;Summer;2011;Mar;0;Sunday;Misty;10.374.763.000.000.000;1.251.695;493.913;12.348.099.999.999.900;472;1221;1693;weekend;Ideal
87;28/03/2011;Summer;2011;Mar;0;Monday;Clear;10.838.268.000.000.000;12.878.700.000.000.000;302.174;14.217.668;222;1806;2028;weekdays;Kering
88;29/03/2011;Summer;2011;Mar;0;Tuesday;Clear;124.025;146.454;314.167;15.208.732;317;2108;2425;weekdays;Kering
89;30/03/2011;Summer;2011;Mar;0;Wednesday;Misty;12.299.999.999.999.900;148.675;646.667;11.583.495.999.999.900;168;1368;1536;weekdays;Ideal
90;31/03/2011;Summer;2011;Mar;0;Thrusday;Light_Rainsnow;11.001.653;1.287.875;918.333;14.582.282.000.000.000;179;1506;1685;weekdays;Lembab
91;01/04/2011;Summer;2011;Apr;0;Friday;Misty;12.299.999.999.999.900;14.172.699.999.999.900;68.625;17.333.436;307;1920;2227;weekdays;Lembab
92;02/04/2011;Summer;2011;Apr;0;Saturday;Misty;12.915.000.000.000.000;1.578.185;65.375;13.208.782;898;1354;2252;weekend;Lembab
93;03/04/2011;Summer;2011;Apr;0;Sunday;Clear;15.511.652.999.999.900;1.893.835;48.0;12.208.271.000.000.000;1651;1598;3249;weekend;Ideal
94;04/04/2011;Summer;2011;Apr;0;Monday;Clear;23.506.653;2.714.645;42.625;25.833.257;734;2381;3115;weekdays;Kering
95;05/04/2011;Summer;2011;Apr;0;Tuesday;Misty;16.980.847;199.175;642.083;26.000.488.999.999.900;167;1628;1795;weekdays;Ideal
96;06/04/2011;Summer;2011;Apr;0;Wednesday;Clear;16.024.153;193.804;470.833;17.625.221;413;2395;2808;weekdays;Ideal
97;07/04/2011;Summer;2011;Apr;0;Thrusday;Clear;179.375;21.684.800.000.000.000;60.291.700.000.000.000;10.874.904;571;2570;3141;weekdays;Ideal
98;08/04/2011;Summer;2011;Apr;0;Friday;Misty;13.769.153;16.223.950.000.000.000;83.625;15.208.464;172;1299;1471;weekdays;Lembab
99;09/04/2011;Summer;2011;Apr;0;Saturday;Misty;140.425;1.707.645;87.75;8.916.561;879;1576;2455;weekend;Lembab
100;10/04/2011;Summer;2011;Apr;0;Sunday;Misty;17.493.347;2.133.685;85.75;9.833.389;1188;1707;2895;weekend;Lembab
101;11/04/2011;Summer;2011;Apr;0;Monday;Misty;24.421.732;28.260.849.999.999.900;716.956;21.739.758;855;2493;3348;weekdays;Lembab
102;12/04/2011;Summer;2011;Apr;0;Tuesday;Misty;206.025;246.527;739.167;18.416.892.999.999.900;257;1777;2034;weekdays;Lembab
103;13/04/2011;Summer;2011;Apr;0;Wednesday;Misty;16.912.499.999.999.900;20.864.150.000.000.000;8.191.669.999.999.990;16.791.338.999.999.900;209;1953;2162;weekdays;Lembab
104;14/04/2011;Summer;2011;Apr;0;Thrusday;Clear;191.675;231.371;54.041.700.000.000.000;74.169;529;2738;3267;weekdays;Ideal
105;15/04/2011;Summer;2011;Apr;1;Friday;Clear;18.313.347;2.209.565;67.125;15.167.124.999.999.900;642;2484;3126;weekdays;Lembab
106;16/04/2011;Summer;2011;Apr;0;Saturday;Light_Rainsnow;17.664.153.000.000.000;212.746;8.883.330.000.000.000;22.834.136;121;674;795;weekend;Lembab
107;17/04/2011;Summer;2011;Apr;0;Sunday;Clear;18.723.347;222.848;479.583;20.334.232;1558;2186;3744;weekend;Ideal
108;18/04/2011;Summer;2011;Apr;0;Monday;Clear;210.125;251.573;54.25;10.958.988.999.999.900;669;2760;3429;weekdays;Ideal
109;19/04/2011;Summer;2011;Apr;0;Tuesday;Misty;20.739.152.999.999.900;244.629;665.833;10.584.057;409;2795;3204;weekdays;Lembab
110;20/04/2011;Summer;2011;Apr;0;Wednesday;Clear;24.395;282.196;614.167;16.208.975;613;3331;3944;weekdays;Ideal
111;21/04/2011;Summer;2011;Apr;0;Thrusday;Clear;18.825.847;226.946;40.708.299.999.999.900;21.792.286;745;3444;4189;weekdays;Kering
112;22/04/2011;Summer;2011;Apr;0;Friday;Misty;13.803.347;160.977;729.583;14.707.906.999.999.900;177;1506;1683;weekdays;Lembab
113;23/04/2011;Summer;2011;Apr;0;Saturday;Misty;18.86;2.250.605;8.879.169.999.999.990;15.458.575.000.000.000;1462;2574;4036;weekend;Lembab
114;24/04/2011;Summer;2011;Apr;0;Sunday;Misty;23.848.347;2.758.815;8.108.330.000.000.000;12.875.725.000.000.000;1710;2481;4191;weekend;Lembab
115;25/04/2011;Summer;2011;Apr;0;Monday;Clear;24.873.347;28.725;776.667;12.417.311;773;3300;4073;weekdays;Lembab
116;26/04/2011;Summer;2011;Apr;0;Tuesday;Clear;25.898.346.999.999.900;29.704.150.000.000.000;729.167;21.875.500.000.000.000;678;3722;4400;weekdays;Lembab
117;27/04/2011;Summer;2011;Apr;0;Wednesday;Misty;25.419.999.999.999.900;287.571;8.354.169.999.999.990;20.917.399.999.999.900;547;3325;3872;weekdays;Lembab
118;28/04/2011;Summer;2011;Apr;0;Thrusday;Misty;25.317.500.000.000.000;28.946.450.000.000.000;7.008.330.000.000.000;21.500.836.000.000.000;569;3489;4058;weekdays;Lembab
119;29/04/2011;Summer;2011;Apr;0;Friday;Clear;20.91;2.487.315;457.083;16.084.221;878;3717;4595;weekdays;Ideal
120;30/04/2011;Summer;2011;Apr;0;Saturday;Clear;193.725;23.201.050.000.000.000;503.333;15.750.025;1965;3347;5312;weekend;Ideal
121;01/05/2011;Summer;2011;May;0;Sunday;Misty;18.518.347;224.102;762.083;7.125.718;1138;2213;3351;weekend;Lembab
122;02/05/2011;Summer;2011;May;0;Monday;Misty;22.515.846.999.999.900;2.664.165;73.0;12.291.418;847;3554;4401;weekdays;Lembab
123;03/05/2011;Summer;2011;May;0;Tuesday;Misty;25.283.347;2.910.395;697.083;22.958.689;603;3848;4451;weekdays;Lembab
124;04/05/2011;Summer;2011;May;0;Wednesday;Misty;16.980.847;202.325;7.370.830.000.000.000;22.042.732;255;2378;2633;weekdays;Lembab
125;05/05/2011;Summer;2011;May;0;Thrusday;Clear;18.825.847;2.209.585;444.167;19.791.263.999.999.900;614;3819;4433;weekdays;Kering
126;06/05/2011;Summer;2011;May;0;Friday;Clear;19.645.847;2.370.585;59.0;15.292.482;894;3714;4608;weekdays;Ideal
127;07/05/2011;Summer;2011;May;0;Saturday;Clear;21.32;2.563.105;54.125;10.750.150.000.000.000;1612;3102;4714;weekend;Ideal
128;08/05/2011;Summer;2011;May;0;Sunday;Clear;21.661.653;25.946.649.999.999.900;631.667;50.007.125;1401;2932;4333;weekend;Ideal
129;09/05/2011;Summer;2011;May;0;Monday;Clear;218.325;262.623;58.875;11.792;664;3698;4362;weekdays;Ideal
130;10/05/2011;Summer;2011;May;0;Tuesday;Clear;218.325;2.613.605;489.167;7.749.956.999.999.990;694;4109;4803;weekdays;Ideal
131;11/05/2011;Summer;2011;May;0;Wednesday;Clear;222.425;26.419.999.999.999.900;6.329.169.999.999.990;8.083.014;550;3632;4182;weekdays;Ideal
132;12/05/2011;Summer;2011;May;0;Thrusday;Clear;21.935.000.000.000.000;2.616.815;74.75;12.707.689;695;4169;4864;weekdays;Lembab
133;13/05/2011;Summer;2011;May;0;Friday;Misty;210.125;24.715;8.633.330.000.000.000;12.041.575;692;3413;4105;weekdays;Lembab
134;14/05/2011;Summer;2011;May;0;Saturday;Misty;21.354.153;2.503.145;92.25;9.041.649.999.999.990;902;2507;3409;weekend;Lembab
135;15/05/2011;Summer;2011;May;0;Sunday;Misty;230.625;26.8;8.670.830.000.000.000;10.249.593;1582;2971;4553;weekend;Lembab
136;16/05/2011;Summer;2011;May;0;Monday;Clear;23.677.500.000.000.000;275.256;7.879.169.999.999.990;8.500.357.000.000.000;773;3185;3958;weekdays;Lembab
137;17/05/2011;Summer;2011;May;0;Tuesday;Misty;23.028.347;26.926.450.000.000.000;837.917;18.582.718;678;3445;4123;weekdays;Lembab
138;18/05/2011;Summer;2011;May;0;Wednesday;Misty;22.55;263.579;87.0;13.499.964;536;3319;3855;weekdays;Lembab
139;19/05/2011;Summer;2011;May;0;Thrusday;Misty;21.764.153;25.537.100.000.000.000;829.583;7.250.271.000.000.000;735;3840;4575;weekdays;Lembab
140;20/05/2011;Summer;2011;May;0;Friday;Clear;22.003.347;264.521;719.583;8.375.871;909;4008;4917;weekdays;Lembab
141;21/05/2011;Summer;2011;May;0;Saturday;Clear;247.025;2.859.875;626.667;8.083.549.999.999.990;2258;3547;5805;weekend;Ideal
142;22/05/2011;Summer;2011;May;0;Sunday;Clear;24.770.847;28.725;749.583;9.916.536;1576;3084;4660;weekend;Lembab
143;23/05/2011;Summer;2011;May;0;Monday;Misty;25.898.346.999.999.900;295.148;81.0;15.667.413.999.999.900;836;3438;4274;weekdays;Lembab
144;24/05/2011;Summer;2011;May;0;Tuesday;Misty;27.060.000.000.000.000;30.240.650.000.000.000;740.833;13.875.164;659;3833;4492;weekdays;Lembab
145;25/05/2011;Summer;2011;May;0;Wednesday;Clear;27.094.153;307.771;69.625;10.333.611.000.000.000;740;4238;4978;weekdays;Lembab
146;26/05/2011;Summer;2011;May;0;Thrusday;Clear;29.041.653;327.344;67.75;13.376.014;758;3919;4677;weekdays;Lembab
147;27/05/2011;Summer;2011;May;0;Friday;Clear;27.948.347.000.000.000;318.504;65.375;16.125.493;871;3808;4679;weekdays;Lembab
148;28/05/2011;Summer;2011;May;0;Saturday;Clear;26.889.153;3.061.895;729.583;15.416.164;2001;2757;4758;weekend;Lembab
149;29/05/2011;Summer;2011;May;0;Sunday;Clear;273.675;30.777.500.000.000.000;81.875;14.333.846;2355;2433;4788;weekend;Lembab
150;30/05/2011;Summer;2011;May;1;Monday;Clear;30.066.653.000.000.000;335.546;68.5;8.792.075;1549;2549;4098;weekdays;Lembab
151;31/05/2011;Summer;2011;May;0;Tuesday;Clear;31.775.000.000.000.000;3.626.915;636.667;7.459.042.999.999.990;673;3309;3982;weekdays;Ideal
152;01/06/2011;Summer;2011;Jun;0;Wednesday;Misty;31.330.847.000.000.000;3.604.835;677.083;13.875.164;513;3461;3974;weekdays;Lembab
153;02/06/2011;Summer;2011;Jun;0;Thrusday;Clear;29.314.999.999.999.900;321.971;30.5;19.583.229.000.000.000;736;4232;4968;weekdays;Kering
154;03/06/2011;Summer;2011;Jun;0;Friday;Clear;25.419.999.999.999.900;29.356.650.000.000.000;354.167;16.959.107;898;4414;5312;weekdays;Kering
155;04/06/2011;Summer;2011;Jun;0;Saturday;Clear;26.035;297.348;45.625;8.250.514;1869;3473;5342;weekend;Ideal
156;05/06/2011;Summer;2011;Jun;0;Sunday;Misty;26.581.653.000.000.000;308.402;65.25;9.292.364.000.000.000;1685;3221;4906;weekend;Lembab
157;06/06/2011;Summer;2011;Jun;0;Monday;Clear;27.811.653;310.929;60.0;8.167.032;673;3875;4548;weekdays;Ideal
158;07/06/2011;Summer;2011;Jun;0;Tuesday;Clear;290.075;327.975;59.791.700.000.000.000;12.583.136;763;4070;4833;weekdays;Ideal
159;08/06/2011;Summer;2011;Jun;0;Wednesday;Clear;31.809.153;3.636.395;6.220.830.000.000.000;9.166.739;676;3725;4401;weekdays;Ideal
160;09/06/2011;Summer;2011;Jun;0;Thrusday;Misty;33.141.653;3.787.895;56.833.299.999.999.900;10.042.161;563;3352;3915;weekdays;Ideal
161;10/06/2011;Summer;2011;Jun;0;Friday;Clear;30.955.000.000.000.000;351.646;60.5;9.417.118;815;3771;4586;weekdays;Ideal
162;11/06/2011;Summer;2011;Jun;0;Saturday;Clear;29.724.999.999.999.900;33.901.900.000.000.000;6.545.830.000.000.000;10.374.949.999.999.900;1729;3237;4966;weekend;Lembab
163;12/06/2011;Summer;2011;Jun;0;Sunday;Clear;28.392.500.000.000.000;32.166.250.000.000.000;747.917;10.958.988.999.999.900;1467;2993;4460;weekend;Lembab
164;13/06/2011;Summer;2011;Jun;0;Monday;Clear;26.035;30.082.700.000.000.000;494.583;2.045.845;863;4157;5020;weekdays;Ideal
165;14/06/2011;Summer;2011;Jun;0;Tuesday;Clear;24.770.847;295.773;50.708.299.999.999.900;18.041.961;727;4164;4891;weekdays;Ideal
166;15/06/2011;Summer;2011;Jun;0;Wednesday;Clear;25.693.347;293.877;471.667;11.250.104;769;4411;5180;weekdays;Ideal
167;16/06/2011;Summer;2011;Jun;0;Thrusday;Misty;25.761.653.000.000.000;29.767.300.000.000.000;688.333;13.833.556.999.999.900;545;3222;3767;weekdays;Lembab
168;17/06/2011;Summer;2011;Jun;0;Friday;Clear;26.615.847.000.000.000;3.001.915;735.833;9.582.942.999.999.990;863;3981;4844;weekdays;Lembab
169;18/06/2011;Summer;2011;Jun;0;Saturday;Clear;28.563.347;32.197.700.000.000.000;670.417;8.000.336;1807;3312;5119;weekend;Lembab
170;19/06/2011;Summer;2011;Jun;0;Sunday;Misty;28.665.847;32.292.300.000.000.000;666.667;6.834;1639;3105;4744;weekend;Lembab
171;20/06/2011;Summer;2011;Jun;0;Monday;Misty;26.035;29.767.300.000.000.000;74.625;10.416.825;699;3311;4010;weekdays;Lembab
172;21/06/2011;Fall;2011;Jun;0;Tuesday;Misty;27.914.153.000.000.000;318.823;770.417;11.458.675.000.000.000;774;4061;4835;weekdays;Lembab
173;22/06/2011;Fall;2011;Jun;0;Wednesday;Clear;30.066.653.000.000.000;3.469.145;70.75;11.541.554;661;3846;4507;weekdays;Lembab
174;23/06/2011;Fall;2011;Jun;0;Thrusday;Misty;29.861.653;3.469.165;703.333;15.999.868;746;4044;4790;weekdays;Lembab
175;24/06/2011;Fall;2011;Jun;0;Friday;Clear;29.690.847;3.282.915;573.333;14.875.675;969;4022;4991;weekdays;Ideal
176;25/06/2011;Fall;2011;Jun;0;Saturday;Clear;28.494.999.999.999.900;3.216.565;483.333;14.041.257;1782;3420;5202;weekend;Ideal
177;26/06/2011;Fall;2011;Jun;0;Sunday;Clear;27.880.000.000.000.000;3.188.145;513.333;63.337.311;1920;3385;5305;weekend;Ideal
178;27/06/2011;Fall;2011;Jun;0;Monday;Misty;27.982.499.999.999.900;318.502;658.333;72.083.960.000.000.000;854;3854;4708;weekdays;Lembab
179;28/06/2011;Fall;2011;Jun;0;Tuesday;Clear;30.510.847.000.000.000;346.279;63.416.700.000.000.000;9.666.960.999.999.990;732;3916;4648;weekdays;Ideal
180;29/06/2011;Fall;2011;Jun;0;Wednesday;Clear;29.861.653;327.344;497.917;17.542.007;848;4377;5225;weekdays;Ideal
181;30/06/2011;Fall;2011;Jun;0;Thrusday;Clear;28.563.347;318.504;43.416.700.000.000.000;12.415.904.000.000.000;1027;4488;5515;weekdays;Kering
182;01/07/2011;Fall;2011;Jul;0;Friday;Clear;29.622.500.000.000.000;326.081;39.625;6.874.736;1246;4116;5362;weekdays;Kering
183;02/07/2011;Fall;2011;Jul;0;Saturday;Clear;30.271.653;333.654;444.583;7.709.154;2204;2915;5119;weekend;Kering
184;03/07/2011;Fall;2011;Jul;0;Sunday;Misty;29.383.347;3.342.875;68.25;15.333.486;2282;2367;4649;weekend;Lembab
185;04/07/2011;Fall;2011;Jul;1;Monday;Misty;29.793.346.999.999.900;3.327.085;637.917;54.591.064.000.000.000;3065;2978;6043;weekdays;Ideal
186;05/07/2011;Fall;2011;Jul;0;Tuesday;Clear;30.613.346.999.999.900;34.816.900.000.000.000;590.417;8.459.286;1031;3634;4665;weekdays;Ideal
187;06/07/2011;Fall;2011;Jul;0;Wednesday;Clear;29.52;3.428.165;7.433.330.000.000.000;10.042.161;784;3845;4629;weekdays;Lembab
188;07/07/2011;Fall;2011;Jul;0;Thrusday;Clear;30.75;3.434.355;65.125;10.666.400.000.000.000;754;3838;4592;weekdays;Lembab
189;08/07/2011;Fall;2011;Jul;0;Friday;Misty;29.075.847;33.524.150.000.000.000;7.579.169.999.999.990;15.083.643;692;3348;4040;weekdays;Lembab
190;09/07/2011;Fall;2011;Jul;0;Saturday;Clear;30.066.653.000.000.000;332.079;609.167;11.250.104;1988;3348;5336;weekend;Ideal
191;10/07/2011;Fall;2011;Jul;0;Sunday;Clear;306.475;3.450.125;578.333;12.292.557;1743;3138;4881;weekend;Ideal
192;11/07/2011;Fall;2011;Jul;0;Monday;Clear;312.625;364.902;635.833;18.916.579;723;3363;4086;weekdays;Ideal
193;12/07/2011;Fall;2011;Jul;0;Tuesday;Clear;32.560.846.999.999.900;3.696.375;559.167;13.417.017.999.999.900;662;3596;4258;weekdays;Ideal
194;13/07/2011;Fall;2011;Jul;0;Wednesday;Clear;30.613.346.999.999.900;344.702;631.667;9.790.911.000.000.000;748;3594;4342;weekdays;Ideal
195;14/07/2011;Fall;2011;Jul;0;Thrusday;Clear;27.914.153.000.000.000;317.552;47.625;16.124.689;888;4196;5084;weekdays;Ideal
196;15/07/2011;Fall;2011;Jul;0;Friday;Clear;27.196.652.999.999.900;3.121.855;5.912.500.000.000.000;12.249.811;1318;4220;5538;weekdays;Ideal
197;16/07/2011;Fall;2011;Jul;0;Saturday;Clear;28.153.347;3.191.315;58.5;13.958.914;2418;3505;5923;weekend;Ideal
198;17/07/2011;Fall;2011;Jul;0;Sunday;Clear;29.485.847;3.349.165;604.167;16.417.211;2006;3296;5302;weekend;Ideal
199;18/07/2011;Fall;2011;Jul;0;Monday;Clear;30.613.346.999.999.900;3.519.625;65.125;14.458.867.999.999.900;841;3617;4458;weekdays;Lembab
200;19/07/2011;Fall;2011;Jul;0;Tuesday;Clear;31.843.347;3.737.395;650.417;87.502;752;3789;4541;weekdays;Lembab
201;20/07/2011;Fall;2011;Jul;0;Wednesday;Clear;31.501.653;373.425;7.070.830.000.000.000;7.625.739;644;3688;4332;weekdays;Lembab
202;21/07/2011;Fall;2011;Jul;0;Thrusday;Misty;33.415;4.131.855;69.125;14.875.407;632;3152;3784;weekdays;Lembab
203;22/07/2011;Fall;2011;Jul;0;Friday;Clear;34.781.653;420.448;580.417;89.177;562;2825;3387;weekdays;Ideal
204;23/07/2011;Fall;2011;Jul;0;Saturday;Clear;34.815.847;40.214.349.999.999.900;50.0;8.791.807;987;2298;3285;weekend;Ideal
205;24/07/2011;Fall;2011;Jul;0;Sunday;Clear;34.03;3.974.145;550.833;11.334.456.999.999.900;1050;2556;3606;weekend;Ideal
206;25/07/2011;Fall;2011;Jul;0;Monday;Clear;30.476.653.000.000.000;360.479;757.083;60.841.560.999.999.900;568;3272;3840;weekdays;Lembab
207;26/07/2011;Fall;2011;Jul;0;Tuesday;Clear;31.638.347;3.484.895;540.833;13.417.285.999.999.900;750;3840;4590;weekdays;Ideal
208;27/07/2011;Fall;2011;Jul;0;Wednesday;Clear;31.775.000.000.000.000;3.453.335;40.291.700.000.000.000;12.292.020.999.999.900;755;3901;4656;weekdays;Kering
209;28/07/2011;Fall;2011;Jul;0;Thrusday;Clear;31.945.847;36.995;583.333;11.958.093;606;3784;4390;weekdays;Ideal
210;29/07/2011;Fall;2011;Jul;0;Friday;Clear;34.371.653;3.929.835;54.25;11.667.245.999.999.900;670;3176;3846;weekdays;Ideal
211;30/07/2011;Fall;2011;Jul;0;Saturday;Clear;32.970.847;3.642.685;465.833;11.291.979;1559;2916;4475;weekend;Ideal
212;31/07/2011;Fall;2011;Jul;0;Sunday;Clear;33.039.153;364.898;480.833;11.042.470.999.999.900;1524;2778;4302;weekend;Ideal
213;01/08/2011;Fall;2011;Aug;0;Monday;Clear;31.638.347;351.646;550.833;10.500.039;729;3537;4266;weekdays;Ideal
214;02/08/2011;Fall;2011;Aug;0;Tuesday;Clear;32.116.653;3.535.355;49.125;1.379.195;801;4044;4845;weekdays;Ideal
215;03/08/2011;Fall;2011;Aug;0;Wednesday;Misty;29.998.347;3.399.685;65.75;9.084.061;467;3107;3574;weekdays;Lembab
216;04/08/2011;Fall;2011;Aug;0;Thrusday;Misty;29.11;332.394;75.75;1.320.905;799;3777;4576;weekdays;Lembab
217;05/08/2011;Fall;2011;Aug;0;Friday;Clear;29.144.153.000.000.000;3.282.835;63.083.299.999.999.900;12.374.632;1023;3843;4866;weekdays;Ideal
218;06/08/2011;Fall;2011;Aug;0;Saturday;Misty;29.383.347;33.807.700.000.000.000;75.5;1.529.275;1521;2773;4294;weekend;Lembab
219;07/08/2011;Fall;2011;Aug;0;Sunday;Clear;30.442.500.000.000.000;357.646;7.529.169.999.999.990;13.499.629;1298;2487;3785;weekend;Lembab
220;08/08/2011;Fall;2011;Aug;0;Monday;Clear;31.365.000.000.000.000;3.516.415;592.083;12.875.725.000.000.000;846;3480;4326;weekdays;Ideal
221;09/08/2011;Fall;2011;Aug;0;Tuesday;Clear;31.775.000.000.000.000;3.620.605;5.704.169.999.999.990;10.125.107;907;3695;4602;weekdays;Ideal
222;10/08/2011;Fall;2011;Aug;0;Wednesday;Clear;31.433.346.999.999.900;3.424.915;424.167;13.417.285.999.999.900;884;3896;4780;weekdays;Kering
223;11/08/2011;Fall;2011;Aug;0;Thrusday;Clear;294.175;3.257.605;42.375;11.041.332;812;3980;4792;weekdays;Kering
224;12/08/2011;Fall;2011;Aug;0;Friday;Clear;29.041.653;327.021;41.5;8.416.607;1051;3854;4905;weekdays;Kering
225;13/08/2011;Fall;2011;Aug;0;Saturday;Misty;28.119.153;322.929;729.583;14.167.418;1504;2646;4150;weekend;Lembab
226;14/08/2011;Fall;2011;Aug;0;Sunday;Misty;27.743.347;31.219.400.000.000.000;81.75;14.916.411;1338;2482;3820;weekend;Lembab
227;15/08/2011;Fall;2011;Aug;0;Monday;Clear;27.299.153;3.080.835;7.120.830.000.000.000;13.999.918;775;3563;4338;weekdays;Lembab
228;16/08/2011;Fall;2011;Aug;0;Tuesday;Clear;28.734.153.000.000.000;3.229.185;578.333;15.834.043.000.000.000;721;4004;4725;weekdays;Ideal
229;17/08/2011;Fall;2011;Aug;0;Wednesday;Clear;29.656.653;3.333.355;575.417;9.625.689;668;4026;4694;weekdays;Ideal
230;18/08/2011;Fall;2011;Aug;0;Thrusday;Clear;29.178.347.000.000.000;331.129;6.545.830.000.000.000;15.624.936;639;3166;3805;weekdays;Lembab
231;19/08/2011;Fall;2011;Aug;0;Friday;Misty;28.085;31.661.050.000.000.000;722.917;9.333.635.999.999.990;797;3356;4153;weekdays;Lembab
232;20/08/2011;Fall;2011;Aug;0;Saturday;Clear;285.975;324.498;6.741.669.999.999.990;6.999.289;1914;3277;5191;weekend;Lembab
233;21/08/2011;Fall;2011;Aug;0;Sunday;Clear;29.144.153.000.000.000;33.776.250.000.000.000;77.0;16.666.518;1249;2624;3873;weekend;Lembab
234;22/08/2011;Fall;2011;Aug;0;Monday;Clear;28.358.347.000.000.000;319.127;47.0;1.854.225;833;3925;4758;weekdays;Ideal
235;23/08/2011;Fall;2011;Aug;0;Tuesday;Clear;26.274.153;30.303.350.000.000.000;455.417;9.833.121;1281;4614;5895;weekdays;Ideal
236;24/08/2011;Fall;2011;Aug;0;Wednesday;Clear;27.606.652.999.999.900;315.346;60.5;16.958.236;949;4181;5130;weekdays;Ideal
237;25/08/2011;Fall;2011;Aug;0;Thrusday;Misty;28.050.846.999.999.900;322.927;771.667;14.125.810.999.999.900;435;3107;3542;weekdays;Lembab
238;26/08/2011;Fall;2011;Aug;0;Friday;Clear;28.7;3.298.665;76.125;5.625.487.499.999.990;768;3893;4661;weekdays;Lembab
239;27/08/2011;Fall;2011;Aug;0;Saturday;Misty;27.880.000.000.000.000;317.778;85.0;25.166.338.999.999.900;226;889;1115;weekend;Lembab
240;28/08/2011;Fall;2011;Aug;0;Sunday;Clear;28.989.418.999.999.900;32.397.949.999.999.900;561.765;20.412.153;1415;2919;4334;weekend;Ideal
241;29/08/2011;Fall;2011;Aug;0;Monday;Clear;26.103.347;303.979;5.545.830.000.000.000;10.708.275;729;3905;4634;weekdays;Ideal
242;30/08/2011;Fall;2011;Aug;0;Tuesday;Clear;26.205.847.000.000.000;297.352;54.833.299.999.999.900;8.375.536;775;4429;5204;weekdays;Ideal
243;31/08/2011;Fall;2011;Aug;0;Wednesday;Clear;26.923.347;30.556.050.000.000.000;59.791.700.000.000.000;55.833.311;688;4370;5058;weekdays;Ideal
244;01/09/2011;Fall;2011;Sep;0;Thrusday;Clear;26.855;30.746.050.000.000.000;63.916.700.000.000.000;9.500.332;783;4332;5115;weekdays;Ideal
245;02/09/2011;Fall;2011;Sep;0;Friday;Misty;26.376.653;302.404;7.270.830.000.000.000;9.375.243;875;3852;4727;weekdays;Lembab
246;03/09/2011;Fall;2011;Sep;0;Saturday;Clear;27.435.847;3.166.065;716.667;12.416.775;1935;2549;4484;weekend;Lembab
247;04/09/2011;Fall;2011;Sep;0;Sunday;Clear;29.075.847;3.327.145;7.420.830.000.000.000;13.833.289;2521;2419;4940;weekend;Lembab
248;05/09/2011;Fall;2011;Sep;1;Monday;Misty;27.606.652.999.999.900;31.282.300.000.000.000;790.417;14.250.632;1236;2115;3351;weekdays;Lembab
249;06/09/2011;Fall;2011;Sep;0;Tuesday;Light_Rainsnow;22.14;25.759.999.999.999.900;886.957;23.044.181;204;2506;2710;weekdays;Lembab
250;07/09/2011;Fall;2011;Sep;0;Wednesday;Light_Rainsnow;24.565.847;2.721.145;917.083;6.500.393.600.000.000;118;1878;1996;weekdays;Lembab
251;08/09/2011;Fall;2011;Sep;0;Thrusday;Light_Rainsnow;25.990.433;2.776.805;939.565;12.914.116;153;1689;1842;weekdays;Lembab
252;09/09/2011;Fall;2011;Sep;0;Friday;Misty;26.650.000.000.000.000;289.473;8.979.169.999.999.990;8.333.393.000.000.000;417;3127;3544;weekdays;Lembab
253;10/09/2011;Fall;2011;Sep;0;Saturday;Clear;27.060.000.000.000.000;303.981;75.375;10.291.736;1750;3595;5345;weekend;Lembab
254;11/09/2011;Fall;2011;Sep;0;Sunday;Clear;26.786.653;3.046.145;71.375;7.708.618;1633;3413;5046;weekend;Lembab
255;12/09/2011;Fall;2011;Sep;0;Monday;Clear;26.418.268;30.106.500.000.000.000;692.174;5.957.171.000.000.000;690;4023;4713;weekdays;Lembab
256;13/09/2011;Fall;2011;Sep;0;Tuesday;Clear;26.684.153;301.777;71.25;9.500.868;701;4062;4763;weekdays;Lembab
257;14/09/2011;Fall;2011;Sep;0;Wednesday;Clear;27.606.652.999.999.900;31.345;697.083;112.091;647;4138;4785;weekdays;Lembab
258;15/09/2011;Fall;2011;Sep;0;Thrusday;Misty;23.677.500.000.000.000;2.768.355;709.167;18.166.782;428;3231;3659;weekdays;Lembab
259;16/09/2011;Fall;2011;Sep;0;Friday;Misty;19.235.847;2.307.375;590.417;11.000.261;742;4018;4760;weekdays;Ideal
260;17/09/2011;Fall;2011;Sep;0;Saturday;Misty;20.158.347;239.256;718.333;12.708.225;1434;3077;4511;weekend;Lembab
261;18/09/2011;Fall;2011;Sep;0;Sunday;Clear;20.807.499.999.999.900;2.452.685;69.5;11.958.361;1353;2921;4274;weekend;Lembab
262;19/09/2011;Fall;2011;Sep;0;Monday;Misty;22.515.846.999.999.900;2.648.375;69.0;10.166.713.999.999.900;691;3848;4539;weekdays;Lembab
263;20/09/2011;Fall;2011;Sep;0;Tuesday;Misty;23.028.347;26.610.850.000.000.000;88.125;9.041.917.999.999.990;438;3203;3641;weekdays;Lembab
264;21/09/2011;Fall;2011;Sep;0;Wednesday;Misty;24.395;27.526.650.000.000.000;90.0;64.590.814;539;3813;4352;weekdays;Lembab
265;22/09/2011;Fall;2011;Sep;0;Thrusday;Misty;25.761.653.000.000.000;2.774.815;902.083;8.584.375;555;4240;4795;weekdays;Lembab
266;23/09/2011;Winter;2011;Sep;0;Friday;Misty;24.975.847;26.106.249.999.999.900;97.25;52.505.689;258;2137;2395;weekdays;Lembab
267;24/09/2011;Winter;2011;Sep;0;Saturday;Misty;24.873.347;282.206;86.25;52.516.811;1776;3647;5423;weekend;Lembab
268;25/09/2011;Winter;2011;Sep;0;Sunday;Misty;26.000.847;28.631.849.999.999.900;84.5;33.754.064;1544;3466;5010;weekend;Lembab
269;26/09/2011;Winter;2011;Sep;0;Monday;Misty;26.615.847.000.000.000;29.452.099.999.999.900;848.333;74.169;684;3946;4630;weekdays;Lembab
270;27/09/2011;Winter;2011;Sep;0;Tuesday;Misty;26.103.347;28.726.249.999.999.900;885.417;7.917.457;477;3643;4120;weekdays;Lembab
271;28/09/2011;Winter;2011;Sep;0;Wednesday;Misty;26.035;28.757.899.999.999.900;84.875;9.958.143.000.000.000;480;3427;3907;weekdays;Lembab
272;29/09/2011;Winter;2011;Sep;0;Thrusday;Clear;25.283.347;287.256;6.991.669.999.999.990;11.583.161;653;4186;4839;weekdays;Lembab
273;30/09/2011;Winter;2011;Sep;0;Friday;Clear;23.130.847;2.724.145;64.75;13.833.825;830;4372;5202;weekdays;Ideal
274;01/10/2011;Winter;2011;Oct;0;Saturday;Misty;16.81;2.064.315;75.375;19.583.832;480;1949;2429;weekend;Lembab
275;02/10/2011;Winter;2011;Oct;0;Sunday;Misty;14.623.347;1.726.585;791.667;14.874.870.999.999.900;616;2302;2918;weekend;Lembab
276;03/10/2011;Winter;2011;Oct;0;Monday;Misty;15.750.846.999.999.900;196.023;760.833;55.841.686;330;3240;3570;weekdays;Lembab
277;04/10/2011;Winter;2011;Oct;0;Tuesday;Clear;19.850.847;236.429;71.0;13.792.218;486;3970;4456;weekdays;Lembab
278;05/10/2011;Winter;2011;Oct;0;Wednesday;Clear;22.071.652.999.999.900;263.569;6.479.169.999.999.990;1.187.575;559;4267;4826;weekdays;Ideal
279;06/10/2011;Winter;2011;Oct;0;Thrusday;Clear;20.260.847.000.000.000;2.402.125;62.083.299.999.999.900;9.041.917.999.999.990;639;4126;4765;weekdays;Ideal
280;07/10/2011;Winter;2011;Oct;0;Friday;Clear;20.944.153;252.202;6.841.669.999.999.990;15.002.439;949;4036;4985;weekdays;Lembab
281;08/10/2011;Winter;2011;Oct;0;Saturday;Clear;21.388.347;256.621;70.125;30.420.814;2235;3174;5409;weekend;Lembab
282;09/10/2011;Winter;2011;Oct;0;Sunday;Clear;22.174.153;2.619.915;72.75;4.251.150.000.000.000;2397;3114;5511;weekend;Lembab
283;10/10/2011;Winter;2011;Oct;1;Monday;Clear;23.404.153;2.714.625;73.375;28.343.814;1514;3603;5117;weekdays;Lembab
284;11/10/2011;Winter;2011;Oct;0;Tuesday;Misty;23.233.347.000.000.000;273.048;80.875;9.583.814;667;3896;4563;weekdays;Lembab
285;12/10/2011;Winter;2011;Oct;0;Wednesday;Light_Rainsnow;22.276.653;25.885.849.999.999.900;90.625;1.662.605;217;2199;2416;weekdays;Lembab
286;13/10/2011;Winter;2011;Oct;0;Thrusday;Misty;24.155.847;275.902;896.667;9.499.729;290;2623;2913;weekdays;Lembab
287;14/10/2011;Winter;2011;Oct;0;Friday;Misty;22.584.153;2.648.375;71.625;15.000.161;529;3115;3644;weekdays;Lembab
288;15/10/2011;Winter;2011;Oct;0;Saturday;Clear;20.773.346.999.999.900;24.936.249.999.999.900;483.333;17.291.561;1899;3318;5217;weekend;Ideal
289;16/10/2011;Winter;2011;Oct;0;Sunday;Clear;20.978.347;251.577;486.667;18.875.039;1748;3293;5041;weekend;Ideal
290;17/10/2011;Winter;2011;Oct;0;Monday;Clear;21.900.847;2.553.625;57.958.299.999.999.900;11.750.393;713;3857;4570;weekdays;Ideal
291;18/10/2011;Winter;2011;Oct;0;Tuesday;Misty;218.325;2.613.605;701.667;7.375.829;637;4111;4748;weekdays;Lembab
292;19/10/2011;Winter;2011;Oct;0;Wednesday;Light_Rainsnow;22.211.299;256.924;8.952.170.000.000.000;16.303.713;254;2170;2424;weekdays;Lembab
293;20/10/2011;Winter;2011;Oct;0;Thrusday;Clear;19.509.153;2.332.625;63.625;28.292.425;471;3724;4195;weekdays;Ideal
294;21/10/2011;Winter;2011;Oct;0;Friday;Clear;175.275;211.798;574.167;14.833.532;676;3628;4304;weekdays;Ideal
295;22/10/2011;Winter;2011;Oct;0;Saturday;Clear;17.322.499.999.999.900;212.746;62.916.700.000.000.000;62.086.689;1499;2809;4308;weekend;Ideal
296;23/10/2011;Winter;2011;Oct;0;Sunday;Clear;17.288.347;2.111.665;74.125;66.673.375;1619;2762;4381;weekend;Lembab
297;24/10/2011;Winter;2011;Oct;0;Monday;Clear;18.996.653;2.285.335;772.083;7.959.064;699;3488;4187;weekdays;Lembab
298;25/10/2011;Winter;2011;Oct;0;Tuesday;Clear;19.338.347;2.316.875;62.291.700.000.000.000;11.166.086;695;3992;4687;weekdays;Ideal
299;26/10/2011;Winter;2011;Oct;0;Wednesday;Misty;19.850.847;236.423;7.204.169.999.999.990;9.959.014;404;3490;3894;weekdays;Lembab
300;27/10/2011;Winter;2011;Oct;0;Thrusday;Misty;19.27;228.523;812.917;13.250.121;240;2419;2659;weekdays;Lembab
301;28/10/2011;Winter;2011;Oct;0;Friday;Misty;13.564.153;159.406;5.858.330.000.000.000;15.375.093;456;3291;3747;weekdays;Ideal
302;29/10/2011;Winter;2011;Oct;0;Saturday;Light_Rainsnow;10.420.846.999.999.900;1.139.565;88.25;23.541.857;57;570;627;weekend;Lembab
303;30/10/2011;Winter;2011;Oct;0;Sunday;Clear;13.085.847;1.606.645;62.375;11.833.339;885;2446;3331;weekend;Ideal
304;31/10/2011;Winter;2011;Oct;0;Monday;Clear;13.940.000.000.000.000;17.803.150.000.000.000;703.333;712.545;362;3307;3669;weekdays;Lembab
305;01/11/2011;Winter;2011;Nov;0;Tuesday;Clear;16.434.153;198.544;68.375;9.083.257;410;3658;4068;weekdays;Lembab
306;02/11/2011;Winter;2011;Nov;0;Wednesday;Clear;15.477.500.000.000.000;1.950.665;71.875;55.001.439;370;3816;4186;weekdays;Lembab
307;03/11/2011;Winter;2011;Nov;0;Thrusday;Clear;16.741.653;20.296.049.999.999.900;7.020.830.000.000.000;9.166.739;318;3656;3974;weekdays;Lembab
308;04/11/2011;Winter;2011;Nov;0;Friday;Misty;16.536.653;201.696;6.225.000.000.000.000;18.209.193;470;3576;4046;weekdays;Ideal
309;05/11/2011;Winter;2011;Nov;0;Saturday;Clear;13.393.346.999.999.900;161.927;51.916.700.000.000.000;12.667.154;1156;2770;3926;weekend;Ideal
310;06/11/2011;Winter;2011;Nov;0;Sunday;Clear;14.281.653;18.117.900.000.000.000;734.583;61.676.314;952;2697;3649;weekend;Lembab
311;07/11/2011;Winter;2011;Nov;0;Monday;Clear;16.195;2.004.355;75.875;3.834.075;373;3662;4035;weekdays;Lembab
312;08/11/2011;Winter;2011;Nov;0;Tuesday;Clear;16.741.653;206.123;7.216.669.999.999.990;46.255.125;376;3829;4205;weekdays;Lembab
313;09/11/2011;Winter;2011;Nov;0;Wednesday;Clear;16.400.000.000.000.000;20.453.950.000.000.000;7.583.330.000.000.000;41.671.186;305;3804;4109;weekdays;Lembab
314;10/11/2011;Winter;2011;Nov;0;Thrusday;Misty;15.58;1.868.605;813.333;12.667.489.000.000.000;190;2743;2933;weekdays;Lembab
315;11/11/2011;Winter;2011;Nov;1;Friday;Clear;13.290.847;1.534.085;44.625;21.083.225;440;2928;3368;weekdays;Kering
316;12/11/2011;Winter;2011;Nov;0;Saturday;Clear;14.623.347;178.971;552.917;14.208.154;1275;2792;4067;weekend;Ideal
317;13/11/2011;Winter;2011;Nov;0;Sunday;Clear;18.074.153;215.275;458.333;18.875.307;1004;2713;3717;weekend;Ideal
318;14/11/2011;Winter;2011;Nov;0;Monday;Clear;21.73;262.306;587.083;20.541.932;595;3891;4486;weekdays;Ideal
319;15/11/2011;Winter;2011;Nov;0;Tuesday;Misty;21.73;2.537.895;68.875;13.375.411;449;3746;4195;weekdays;Lembab
320;16/11/2011;Winter;2011;Nov;0;Wednesday;Light_Rainsnow;18.723.347;225.994;93.0;9.167.543;145;1672;1817;weekdays;Lembab
321;17/11/2011;Winter;2011;Nov;0;Thrusday;Misty;14.008.347;1.616.105;575.833;20.459.254;139;2914;3053;weekdays;Ideal
322;18/11/2011;Winter;2011;Nov;0;Friday;Clear;11.240.847;1.363.605;41.0;11.291.711;245;3147;3392;weekdays;Kering
323;19/11/2011;Winter;2011;Nov;0;Saturday;Clear;13.495.847;1.622.415;50.208.299.999.999.900;15.041.232;943;2720;3663;weekend;Ideal
324;20/11/2011;Winter;2011;Nov;0;Sunday;Misty;18.996.653;228.529;6.845.830.000.000.000;1.245.865;787;2733;3520;weekend;Lembab
325;21/11/2011;Winter;2011;Nov;0;Monday;Light_Rainsnow;183.475;222.531;91.0;9.249.618;220;2545;2765;weekdays;Lembab
326;22/11/2011;Winter;2011;Nov;0;Tuesday;Light_Rainsnow;17.083.347;210.848;96.25;7.959.064;69;1538;1607;weekdays;Lembab
327;23/11/2011;Winter;2011;Nov;0;Wednesday;Misty;18.074.153;2.152.685;7.579.169.999.999.990;22.500.275;112;2454;2566;weekdays;Lembab
328;24/11/2011;Winter;2011;Nov;1;Thrusday;Clear;15.306.653;1.862.355;549.167;11.209.368.000.000.000;560;935;1495;weekdays;Ideal
329;25/11/2011;Winter;2011;Nov;0;Friday;Clear;15.375;19.033.549.999.999.900;64.375;66.260.186;1095;1697;2792;weekdays;Ideal
330;26/11/2011;Winter;2011;Nov;0;Saturday;Clear;15.409.152.999.999.900;19.254.350.000.000.000;681.667;45.841.936;1249;1819;3068;weekend;Lembab
331;27/11/2011;Winter;2011;Nov;0;Sunday;Clear;18.825.847;22.79;698.333;13.999.918;810;2261;3071;weekend;Lembab
332;28/11/2011;Winter;2011;Nov;0;Monday;Clear;20.642.598;245.061;743.043;9.522.174;253;3614;3867;weekdays;Lembab
333;29/11/2011;Winter;2011;Nov;0;Tuesday;Misty;18.791.653;2.256.875;8.308.330.000.000.000;17.292.164;96;2818;2914;weekdays;Lembab
334;30/11/2011;Winter;2011;Nov;0;Wednesday;Clear;13.325.000.000.000.000;15.561.050.000.000.000;613.333;18.167.586;188;3425;3613;weekdays;Ideal
335;01/12/2011;Winter;2011;Dec;0;Thrusday;Clear;128.125;152.777;524.583;14.750.586;182;3545;3727;weekdays;Ideal
336;02/12/2011;Winter;2011;Dec;0;Friday;Clear;12.880.847;16.571.649.999.999.900;62.583.299.999.999.900;6.750.518;268;3672;3940;weekdays;Ideal
337;03/12/2011;Winter;2011;Dec;0;Saturday;Clear;12.265.847;15.530.199.999.999.900;61.291.700.000.000.000;64.174.811;706;2908;3614;weekend;Ideal
338;04/12/2011;Winter;2011;Dec;0;Sunday;Clear;13.564.153;17.455.000.000.000.000;775.833;56.252.061;634;2851;3485;weekend;Lembab
339;05/12/2011;Winter;2011;Dec;0;Monday;Misty;15.819.153;19.696.250.000.000.000;8.270.830.000.000.000;41.679.561.000.000.000;233;3578;3811;weekdays;Lembab
340;06/12/2011;Winter;2011;Dec;0;Tuesday;Light_Rainsnow;18.962.500.000.000.000;22.82;949.583;15.583.061;126;2468;2594;weekdays;Lembab
341;07/12/2011;Winter;2011;Dec;0;Wednesday;Light_Rainsnow;16.81;200.123;9.704.169.999.999.990;17.833.725;50;655;705;weekdays;Lembab
342;08/12/2011;Winter;2011;Dec;0;Thrusday;Clear;10.899.153;128.469;5.799.999.999.999.990;16.083.886;150;3172;3322;weekdays;Ideal
343;09/12/2011;Winter;2011;Dec;0;Friday;Clear;11.924.153;15.877.099.999.999.900;6.958.330.000.000.000;55.420.189;261;3359;3620;weekdays;Lembab
344;10/12/2011;Winter;2011;Dec;0;Saturday;Clear;11.275;13.320.599.999.999.900;5.074.999.999.999.990;15.625.807;502;2688;3190;weekend;Ideal
345;11/12/2011;Winter;2011;Dec;0;Sunday;Clear;9.054.153;126.577;49.0;4.458.293.899.999.990;377;2366;2743;weekend;Ideal
346;12/12/2011;Winter;2011;Dec;0;Monday;Clear;9.771.652.999.999.990;135.098;6.708.330.000.000.000;4.251.150.000.000.000;143;3167;3310;weekdays;Lembab
347;13/12/2011;Winter;2011;Dec;0;Tuesday;Clear;115.825;150.569;59.0;941.685;155;3368;3523;weekdays;Ideal
348;14/12/2011;Winter;2011;Dec;0;Wednesday;Misty;130.175;169.181;66.375;40.842.061;178;3562;3740;weekdays;Lembab
349;15/12/2011;Winter;2011;Dec;0;Thrusday;Misty;17.322.499.999.999.900;2.061.185;63.416.700.000.000.000;17.958.814;181;3528;3709;weekdays;Ideal
350;16/12/2011;Winter;2011;Dec;0;Friday;Misty;15.375;1.799.125;500.417;17.458.525;178;3399;3577;weekdays;Ideal
351;17/12/2011;Winter;2011;Dec;0;Saturday;Misty;10.591.652.999.999.900;1.246.855;560.833;16.292.189;275;2464;2739;weekend;Ideal
352;18/12/2011;Winter;2011;Dec;0;Sunday;Clear;9.771.652.999.999.990;1.227.895;5.862.500.000.000.000;11.375.193.000.000.000;220;2211;2431;weekend;Ideal
353;19/12/2011;Winter;2011;Dec;0;Monday;Clear;11.343.347;1.404.665;6.374.999.999.999.990;11.584.031.999.999.900;260;3143;3403;weekdays;Ideal
354;20/12/2011;Winter;2011;Dec;0;Tuesday;Misty;15.819.153;19.822.699.999.999.900;595.417;41.252.436;216;3534;3750;weekdays;Ideal
355;21/12/2011;Spring;2011;Dec;0;Wednesday;Misty;17.561.653;2.140.085;8.583.330.000.000.000;148.338;107;2553;2660;weekdays;Lembab
356;22/12/2011;Spring;2011;Dec;0;Thrusday;Misty;17.356.653;21.306.050.000.000.000;75.75;31.674.249.999.999.900;227;2841;3068;weekdays;Lembab
357;23/12/2011;Spring;2011;Dec;0;Friday;Clear;15.306.653;1.887.565;68.625;18.374.482;163;2046;2209;weekdays;Lembab
358;24/12/2011;Spring;2011;Dec;0;Saturday;Clear;124.025;149.621;54.25;12.750.368;155;856;1011;weekend;Ideal
359;25/12/2011;Spring;2011;Dec;0;Sunday;Clear;11.266.103;13.998.050.000.000.000;6.813.040.000.000.000;10.391.097;303;451;754;weekend;Lembab
360;26/12/2011;Spring;2011;Dec;1;Monday;Clear;13.191.299;1.577.675;506.957;16.044.155;430;887;1317;weekdays;Ideal
361;27/12/2011;Spring;2011;Dec;0;Tuesday;Misty;13.325.000.000.000.000;1.638.165;76.25;1.262.615;103;1059;1162;weekdays;Lembab
362;28/12/2011;Spring;2011;Dec;0;Wednesday;Clear;12.264.330.000.000.000;139.987;5.039.130.000.000.000;19.695.386.999.999.900;255;2047;2302;weekdays;Ideal
363;29/12/2011;Spring;2011;Dec;0;Thrusday;Clear;10.181.653;13.194.600.000.000.000;574.167;8.000.604.000.000.000;254;2169;2423;weekdays;Ideal
364;30/12/2011;Spring;2011;Dec;0;Friday;Clear;12.778.347.000.000.000;159.406;636.667;9.000.579;491;2508;2999;weekdays;Ideal
365;31/12/2011;Spring;2011;Dec;0;Saturday;Clear;16.81;2.070.605;61.583.299.999.999.900;14.750.318;665;1820;2485;weekend;Ideal
366;01/01/2012;Spring;2012;Jan;0;Sunday;Clear;15.17;1.878.105;69.25;12.875.189;686;1608;2294;weekend;Lembab
367;02/01/2012;Spring;2012;Jan;1;Monday;Clear;11.194.763;12.615.199.999.999.900;38.130.399.999.999.900;22.087.555;244;1707;1951;weekdays;Kering
368;03/01/2012;Spring;2012;Jan;0;Tuesday;Clear;61.499.999.999.999.900;631.375;44.125;24.499.957.000.000.000;89;2147;2236;weekdays;Kering
369;04/01/2012;Spring;2012;Jan;0;Wednesday;Misty;44.075;596.685;414.583;123.749;95;2273;2368;weekdays;Kering
370;05/01/2012;Spring;2012;Jan;0;Thrusday;Clear;10.899.153;139.206;52.416.700.000.000.000;8.709.128.999.999.990;140;3132;3272;weekdays;Ideal
371;06/01/2012;Spring;2012;Jan;0;Friday;Clear;13.700.847;1.701.335;542.083;11.249.836;307;3791;4098;weekdays;Ideal
372;07/01/2012;Spring;2012;Jan;0;Saturday;Clear;16.126.653;1.953.895;531.667;11.708.786;1070;3451;4521;weekend;Ideal
373;08/01/2012;Spring;2012;Jan;0;Sunday;Clear;138.375;17.012.900.000.000.000;46.5;12.833.314;599;2826;3425;weekend;Ideal
374;09/01/2012;Spring;2012;Jan;0;Monday;Misty;9.190.847;1.237.395;701.667;66.263.000.000.000.000;106;2270;2376;weekdays;Lembab
375;10/01/2012;Spring;2012;Jan;0;Tuesday;Clear;12.656.536.000.000.000;159.413;6.465.220.000.000.000;12.565.984;173;3425;3598;weekdays;Ideal
376;11/01/2012;Spring;2012;Jan;0;Wednesday;Misty;11.240.847;1.414.105;84.75;8.791.807;92;2085;2177;weekdays;Lembab
377;12/01/2012;Spring;2012;Jan;0;Thrusday;Misty;15.682.500.000.000.000;190.969;802.917;12.124.789;269;3828;4097;weekdays;Lembab
378;13/01/2012;Spring;2012;Jan;0;Friday;Clear;11.240.847;124.681;5.074.999.999.999.990;25.333.236;174;3040;3214;weekdays;Ideal
379;14/01/2012;Spring;2012;Jan;0;Saturday;Clear;7.38;915.435;45.75;12.541.260.999.999.900;333;2160;2493;weekend;Ideal
380;15/01/2012;Spring;2012;Jan;0;Sunday;Clear;6.833.347.000.000.000;8.081.249.999.999.990;419.167;16.834.286;284;2027;2311;weekend;Kering
381;16/01/2012;Spring;2012;Jan;1;Monday;Clear;7.79;953.315;52.25;15.500.986.000.000.000;217;2081;2298;weekdays;Ideal
382;17/01/2012;Spring;2012;Jan;0;Tuesday;Misty;15.294.763;182.139;716.087;2.339.171;127;2808;2935;weekdays;Lembab
383;18/01/2012;Spring;2012;Jan;0;Wednesday;Clear;12.436.653.000.000.000;137.627;44.333.299.999.999.900;27.833.743;109;3267;3376;weekdays;Kering
384;19/01/2012;Spring;2012;Jan;0;Thrusday;Clear;7.79;9.501.900.000.000.000;49.75;14.750.586;130;3162;3292;weekdays;Ideal
385;20/01/2012;Spring;2012;Jan;0;Friday;Misty;89.175;11.047.899.999.999.900;45.0;1.358.425;115;3048;3163;weekdays;Ideal
386;21/01/2012;Spring;2012;Jan;0;Saturday;Misty;7.106.653;874.375;83.125;14.917.014;67;1234;1301;weekend;Lembab
387;22/01/2012;Spring;2012;Jan;0;Sunday;Misty;66.625.000.000.000.000;81.125;79.625;13.375.746.000.000.000;196;1781;1977;weekend;Lembab
388;23/01/2012;Spring;2012;Jan;0;Monday;Misty;8.951.653;12.152.899.999.999.900;91.125;7.417.436;145;2287;2432;weekdays;Lembab
389;24/01/2012;Spring;2012;Jan;0;Tuesday;Clear;140.425;17.455.399.999.999.900;8.358.330.000.000.000;8.292.389;439;3900;4339;weekdays;Lembab
390;25/01/2012;Spring;2012;Jan;0;Wednesday;Clear;12.060.847;1.474.105;64.375;10.791.756.999.999.900;467;3803;4270;weekdays;Ideal
391;26/01/2012;Spring;2012;Jan;0;Thrusday;Misty;14.008.347;178.025;7.695.830.000.000.000;49.175.186;244;3831;4075;weekdays;Lembab
392;27/01/2012;Spring;2012;Jan;0;Friday;Misty;17.425;2.076.915;74.125;22.958.689;269;3187;3456;weekdays;Lembab
393;28/01/2012;Spring;2012;Jan;0;Saturday;Clear;12.949.152.999.999.900;16.318.949.999.999.900;54.333.299.999.999.900;14.125.542.999.999.900;775;3248;4023;weekend;Ideal
394;29/01/2012;Spring;2012;Jan;0;Sunday;Clear;115.825;1.363.605;31.125.000.000.000.000;1.608.335;558;2685;3243;weekend;Kering
395;30/01/2012;Spring;2012;Jan;0;Monday;Clear;11.035.847;1.313.125;400.833;14.458.064;126;3498;3624;weekdays;Kering
396;31/01/2012;Spring;2012;Jan;0;Tuesday;Clear;15.99;1.906.585;416.667;17.541.739;324;4185;4509;weekdays;Kering
397;01/02/2012;Spring;2012;Feb;0;Wednesday;Clear;19.235.847;23.326.900.000.000.000;5.079.169.999.999.990;12.667.489.000.000.000;304;4275;4579;weekdays;Ideal
398;02/02/2012;Spring;2012;Feb;0;Thrusday;Misty;16.365.847;1.994.855;6.729.169.999.999.990;12.541.528.999.999.900;190;3571;3761;weekdays;Lembab
399;03/02/2012;Spring;2012;Feb;0;Friday;Clear;12.846.652.999.999.900;154.673;526.667;11.959.232;310;3841;4151;weekdays;Ideal
400;04/02/2012;Spring;2012;Feb;0;Saturday;Misty;10.830.846.999.999.900;1.363.625;7.795.830.000.000.000;8.167.032;384;2448;2832;weekend;Lembab
401;05/02/2012;Spring;2012;Feb;0;Sunday;Misty;10.899.153;1.322.605;687.917;11.791.732.000.000.000;318;2629;2947;weekend;Lembab
402;06/02/2012;Spring;2012;Feb;0;Monday;Clear;11.586.969;148.213;622.174;10.304.599.999.999.900;206;3578;3784;weekdays;Ideal
403;07/02/2012;Spring;2012;Feb;0;Tuesday;Clear;14.520.847;180.552;49.625;9.874.393.000.000.000;199;4176;4375;weekdays;Ideal
404;08/02/2012;Spring;2012;Feb;0;Wednesday;Misty;10.523.347;13.321.050.000.000.000;722.917;8.959.307;109;2693;2802;weekdays;Lembab
405;09/02/2012;Spring;2012;Feb;0;Thrusday;Clear;10.865;130.994;562.083;13.000.478.999.999.900;163;3667;3830;weekdays;Ideal
406;10/02/2012;Spring;2012;Feb;0;Friday;Misty;11.514.153;146.779;54.0;7.834.243.000.000.000;227;3604;3831;weekdays;Ideal
407;11/02/2012;Spring;2012;Feb;0;Saturday;Light_Rainsnow;9.190.847;1.054.335;73.125;19.416.332;192;1977;2169;weekend;Lembab
408;12/02/2012;Spring;2012;Feb;0;Sunday;Clear;52.275;50.828.999.999.999.900;464.583;27.417.204;73;1456;1529;weekend;Ideal
409;13/02/2012;Spring;2012;Feb;0;Monday;Clear;91.225;1.139.565;41.125;11.207.961;94;3328;3422;weekdays;Kering
410;14/02/2012;Spring;2012;Feb;0;Tuesday;Misty;13.085.847;16.697.300.000.000.000;50.875;9.458.993;135;3787;3922;weekdays;Ideal
411;15/02/2012;Spring;2012;Feb;0;Wednesday;Clear;14.281.653;1.758.145;53.125;12.167.200.000.000.000;141;4028;4169;weekdays;Ideal
412;16/02/2012;Spring;2012;Feb;0;Thrusday;Misty;12.983.346.999.999.900;165.081;7.529.169.999.999.990;6.125.475.000.000.000;74;2931;3005;weekdays;Lembab
413;17/02/2012;Spring;2012;Feb;0;Friday;Clear;14.076.653;1.758.145;634.583;13.791.682;349;3805;4154;weekdays;Ideal
414;18/02/2012;Spring;2012;Feb;0;Saturday;Clear;14.213.347;1.777.125;534.583;12.792.243;1435;2883;4318;weekend;Ideal
415;19/02/2012;Spring;2012;Feb;0;Sunday;Misty;11.48;132.894;515.833;16.958.504;618;2071;2689;weekend;Ideal
416;20/02/2012;Spring;2012;Feb;1;Monday;Clear;11.48;1.366.955;507.826;15.348.561;502;2627;3129;weekdays;Ideal
417;21/02/2012;Spring;2012;Feb;0;Tuesday;Clear;11.800.866.000.000.000;14.755.650.000.000.000;59.434.799.999.999.900;13.783.039;163;3614;3777;weekdays;Ideal
418;22/02/2012;Spring;2012;Feb;0;Wednesday;Clear;16.229.153;1.963.335;567.917;15.709.557;394;4379;4773;weekdays;Ideal
419;23/02/2012;Spring;2012;Feb;0;Thrusday;Clear;18.620.846.999.999.900;222.223;5.545.830.000.000.000;12.791.171;516;4546;5062;weekdays;Ideal
420;24/02/2012;Spring;2012;Feb;0;Friday;Misty;167.075;2.054.855;73.75;15.916.989;246;3241;3487;weekdays;Lembab
421;25/02/2012;Spring;2012;Feb;0;Saturday;Clear;11.924.153;1.278.375;395.833;28.250.014;317;2415;2732;weekend;Kering
422;26/02/2012;Spring;2012;Feb;0;Sunday;Clear;11.445.847;134.154;41.0;13.750.342.999.999.900;515;2874;3389;weekend;Kering
423;27/02/2012;Spring;2012;Feb;0;Monday;Clear;15.033.347.000.000.000;178.977;490.833;17.958.211.000.000.000;253;4069;4322;weekdays;Ideal
424;28/02/2012;Spring;2012;Feb;0;Tuesday;Clear;14.725.847;1.767.625;395.833;12.958.939;229;4134;4363;weekdays;Kering
425;29/02/2012;Spring;2012;Feb;0;Wednesday;Misty;14.118.267.999.999.900;174.235;804.783;12.000.839;65;1769;1834;weekdays;Lembab
426;01/03/2012;Spring;2012;Mar;0;Thrusday;Clear;19.919.153;23.768.549.999.999.900;615.417;15.208.129;325;4665;4990;weekdays;Ideal
427;02/03/2012;Spring;2012;Mar;0;Friday;Misty;14.486.653;179.921;657.083;9.708.568;246;2948;3194;weekdays;Lembab
428;03/03/2012;Spring;2012;Mar;0;Saturday;Misty;16.980.847;206.746;62.125;10.792.293;956;3110;4066;weekend;Ideal
429;04/03/2012;Spring;2012;Mar;0;Sunday;Clear;13.359.153;1.515.105;403.333;22.416.257;710;2713;3423;weekend;Kering
430;05/03/2012;Spring;2012;Mar;0;Monday;Clear;9.976.652.999.999.990;1.205.855;50.625;15.333.486;203;3130;3333;weekdays;Ideal
431;06/03/2012;Spring;2012;Mar;0;Tuesday;Clear;10.591.652.999.999.900;12.752.099.999.999.900;456.667;13.458.625;221;3735;3956;weekdays;Ideal
432;07/03/2012;Spring;2012;Mar;0;Wednesday;Clear;16.570.847;19.255;513.333;23.167.193;432;4484;4916;weekdays;Ideal
433;08/03/2012;Spring;2012;Mar;0;Thrusday;Clear;21.627.499.999.999.900;26.230.199.999.999.900;56.75;29.584.721;486;4896;5382;weekdays;Ideal
434;09/03/2012;Spring;2012;Mar;0;Friday;Misty;16.844.153;1.985.415;40.708.299.999.999.900;277.916;447;4122;4569;weekdays;Kering
435;10/03/2012;Spring;2012;Mar;0;Saturday;Clear;117.875;13.888.349.999.999.900;350.417;15.125.250.000.000.000;968;3150;4118;weekend;Kering
436;11/03/2012;Spring;2012;Mar;0;Sunday;Clear;14.831.299;179.835;476.957;14.913.329.000.000.000;1658;3253;4911;weekend;Ideal
437;12/03/2012;Spring;2012;Mar;0;Monday;Clear;19.133.347;229.796;489.167;13.916.771;838;4460;5298;weekdays;Ideal
438;13/03/2012;Spring;2012;Mar;0;Tuesday;Clear;23.165;2.714.645;6.175.000.000.000.000;1.587.565;762;5085;5847;weekdays;Ideal
439;14/03/2012;Spring;2012;Mar;0;Wednesday;Clear;234.725;2.743.085;50.708.299.999.999.900;7.709.154;997;5315;6312;weekdays;Ideal
440;15/03/2012;Spring;2012;Mar;0;Thrusday;Clear;22.857.499.999.999.900;2.664.125;57.958.299.999.999.900;10.042.161;1005;5187;6192;weekdays;Ideal
441;16/03/2012;Spring;2012;Mar;0;Friday;Misty;17.869.153;2.181.145;8.420.830.000.000.000;7.583.864;548;3830;4378;weekdays;Lembab
442;17/03/2012;Spring;2012;Mar;0;Saturday;Misty;21.080.847.000.000.000;25.252.299.999.999.900;755.833;7.417.168;3155;4681;7836;weekend;Lembab
443;18/03/2012;Spring;2012;Mar;0;Sunday;Misty;193.725;23.200.000.000.000.000;81.0;8.501.161;2207;3685;5892;weekend;Lembab
444;19/03/2012;Spring;2012;Mar;0;Monday;Clear;22.345.000.000.000.000;2.664.105;72.875;10.875.238.999.999.900;982;5171;6153;weekdays;Lembab
445;20/03/2012;Spring;2012;Mar;0;Tuesday;Clear;22.994.153;26.926.650.000.000.000;807.917;8.125.157;1051;5042;6093;weekdays;Lembab
446;21/03/2012;Summer;2012;Mar;0;Wednesday;Misty;21.798.347;256.629;82.125;6.000.406.099.999.990;1122;5108;6230;weekdays;Lembab
447;22/03/2012;Summer;2012;Mar;0;Thrusday;Clear;22.720.847;2.657.835;83.125;7.876.654;1334;5537;6871;weekdays;Lembab
448;23/03/2012;Summer;2012;Mar;0;Friday;Misty;24.668.346.999.999.900;2.850.335;6.941.669.999.999.990;77.921.000.000.000.000;2469;5893;8362;weekdays;Lembab
449;24/03/2012;Summer;2012;Mar;0;Saturday;Misty;206.025;24.336.650.000.000.000;885.417;12.916.461;1033;2339;3372;weekend;Lembab
450;25/03/2012;Summer;2012;Mar;0;Sunday;Misty;179.375;21.874.399.999.999.900;880.833;14.791.924.999.999.900;1532;3464;4996;weekend;Lembab
451;26/03/2012;Summer;2012;Mar;0;Monday;Clear;18.279.153;219.375;477.917;25.917.007;795;4763;5558;weekdays;Ideal
452;27/03/2012;Summer;2012;Mar;0;Tuesday;Clear;13.256.653;157.827;28.999.999.999.999.900;12.541.864;531;4571;5102;weekdays;Kering
453;28/03/2012;Summer;2012;Mar;0;Wednesday;Clear;19.850.847;235.475;48.125;19.541.957;674;5024;5698;weekdays;Ideal
454;29/03/2012;Summer;2012;Mar;0;Thrusday;Clear;20.260.847.000.000.000;241.152;439.167;2.141.655;834;5299;6133;weekdays;Kering
455;30/03/2012;Summer;2012;Mar;0;Friday;Misty;15.17;1.878.105;580.833;9.250.489;796;4663;5459;weekdays;Ideal
456;31/03/2012;Summer;2012;Mar;0;Saturday;Misty;17.390.847;210.854;7.383.330.000.000.000;16.791.338.999.999.900;2301;3934;6235;weekend;Lembab
457;01/04/2012;Summer;2012;Apr;0;Sunday;Misty;17.459.153;2.086.435;67.625;11.541.889;2347;3694;6041;weekend;Lembab
458;02/04/2012;Summer;2012;Apr;0;Monday;Clear;17.790.433;2.137.565;504.348;20.913.313;1208;4728;5936;weekdays;Ideal
459;03/04/2012;Summer;2012;Apr;0;Tuesday;Clear;19.133.347;2.307.415;396.667;6.708.911;1348;5424;6772;weekdays;Kering
460;04/04/2012;Summer;2012;Apr;0;Wednesday;Clear;22.208.347;266.725;46.958.299.999.999.900;12.125.325;1058;5378;6436;weekdays;Ideal
461;05/04/2012;Summer;2012;Apr;0;Thrusday;Clear;17.835;2.155.815;37.416.700.000.000.000;14.708.443;1192;5265;6457;weekdays;Kering
462;06/04/2012;Summer;2012;Apr;0;Friday;Clear;16.536.653;19.538.349.999.999.900;377.083;20.125.996;1807;4653;6460;weekdays;Kering
463;07/04/2012;Summer;2012;Apr;0;Saturday;Clear;179.375;21.306.449.999.999.900;254.167;18.416.356.999.999.900;3252;3605;6857;weekend;Kering
464;08/04/2012;Summer;2012;Apr;0;Sunday;Clear;20.5;2.462.125;275.833;15.583.931.999.999.900;2230;2939;5169;weekend;Kering
465;09/04/2012;Summer;2012;Apr;0;Monday;Clear;20.055.847;238.319;31.75;23.999.132;905;4680;5585;weekdays;Kering
466;10/04/2012;Summer;2012;Apr;0;Tuesday;Clear;18.313.347;2.181.165;43.5;16.708.125.000.000.000;819;5099;5918;weekdays;Kering
467;11/04/2012;Summer;2012;Apr;0;Wednesday;Clear;14.296.536;168.637;469.565;19.783.358;482;4380;4862;weekdays;Ideal
468;12/04/2012;Summer;2012;Apr;0;Thrusday;Clear;162.975;193.802;46.625;19.458.743;663;4746;5409;weekdays;Ideal
469;13/04/2012;Summer;2012;Apr;0;Friday;Clear;18.142.500.000.000.000;21.590.400.000.000.000;408.333;10.416.557;1252;5146;6398;weekdays;Kering
470;14/04/2012;Summer;2012;Apr;0;Saturday;Clear;20.294.999.999.999.900;243.998;5.029.169.999.999.990;12.791.439;2795;4665;7460;weekend;Ideal
471;15/04/2012;Summer;2012;Apr;0;Sunday;Clear;24.873.347;2.869.375;5.079.169.999.999.990;15.083.643;2846;4286;7132;weekend;Ideal
472;16/04/2012;Summer;2012;Apr;1;Monday;Clear;27.230.846.999.999.900;30.746.250.000.000.000;56.166.700.000.000.000;19.083.543;1198;5172;6370;weekdays;Ideal
473;17/04/2012;Summer;2012;Apr;0;Tuesday;Clear;24.941.653.000.000.000;2.992.435;390.417;18.333.143;989;5702;6691;weekdays;Kering
474;18/04/2012;Summer;2012;Apr;0;Wednesday;Misty;18.996.653;228.519;569.167;11.250.104;347;4020;4367;weekdays;Ideal
475;19/04/2012;Summer;2012;Apr;0;Thrusday;Clear;20.431.653;246.523;6.125.000.000.000.000;4.417.256.399.999.990;846;5719;6565;weekdays;Ideal
476;20/04/2012;Summer;2012;Apr;0;Friday;Clear;21.593.347;2.578.875;694.583;10.041.357;1340;5950;7290;weekdays;Lembab
477;21/04/2012;Summer;2012;Apr;0;Saturday;Clear;23.369.999.999.999.900;2.714.605;682.917;19.000.328.999.999.900;2541;4083;6624;weekend;Lembab
478;22/04/2012;Summer;2012;Apr;0;Sunday;Light_Rainsnow;16.263.347;194.752;8.354.169.999.999.990;23.084.582;120;907;1027;weekend;Lembab
479;23/04/2012;Summer;2012;Apr;0;Monday;Misty;13.188.346.999.999.900;15.056.249.999.999.900;7.666.669.999.999.990;20.334.232;195;3019;3214;weekdays;Lembab
480;24/04/2012;Summer;2012;Apr;0;Tuesday;Clear;16.946.653;2.026.415;454.167;16.708.661;518;5115;5633;weekdays;Ideal
481;25/04/2012;Summer;2012;Apr;0;Wednesday;Clear;19.543.347;2.351.585;427.917;7.959.064;655;5541;6196;weekdays;Kering
482;26/04/2012;Summer;2012;Apr;0;Thrusday;Misty;20.431.653;2.417.915;7.566.669.999.999.990;11.833.875;475;4551;5026;weekdays;Lembab
483;27/04/2012;Summer;2012;Apr;0;Friday;Clear;187.575;2.263.185;400.833;23.291.411;1014;5219;6233;weekdays;Kering
484;28/04/2012;Summer;2012;Apr;0;Saturday;Misty;15.443.347;188.752;489.583;8.708.325;1120;3100;4220;weekend;Ideal
485;29/04/2012;Summer;2012;Apr;0;Sunday;Clear;18.791.653;2.250.605;587.083;78.328.359.999.999.900;2229;4075;6304;weekend;Ideal
486;30/04/2012;Summer;2012;Apr;0;Monday;Misty;19.030.847;228.848;5.699.999.999.999.990;11.499.746;665;4907;5572;weekdays;Ideal
487;01/05/2012;Summer;2012;May;0;Tuesday;Misty;25.146.653;2.885.105;6.595.830.000.000.000;10.458.432;653;5087;5740;weekdays;Lembab
488;02/05/2012;Summer;2012;May;0;Wednesday;Clear;23.130.847;26.894.800.000.000.000;797.083;9.249.885.999.999.990;667;5502;6169;weekdays;Lembab
489;03/05/2012;Summer;2012;May;0;Thrusday;Misty;22.96;26.862.099.999.999.900;7.683.330.000.000.000;8.957.632;764;5657;6421;weekdays;Lembab
490;04/05/2012;Summer;2012;May;0;Friday;Clear;257.275;2.954.585;7.354.169.999.999.990;10.916.846;1069;5227;6296;weekdays;Lembab
491;05/05/2012;Summer;2012;May;0;Saturday;Misty;25.488.346.999.999.900;292.304;7.566.669.999.999.990;10.250.464;2496;4387;6883;weekend;Lembab
492;06/05/2012;Summer;2012;May;0;Sunday;Misty;230.625;27.336.850.000.000.000;74.0;10.041.893;2135;4224;6359;weekend;Lembab
493;07/05/2012;Summer;2012;May;0;Monday;Misty;22.037.499.999.999.900;263.571;6.641.669.999.999.990;15.458.307.000.000.000;1008;5265;6273;weekdays;Lembab
494;08/05/2012;Summer;2012;May;0;Tuesday;Misty;23.848.347;2.787.355;6.858.330.000.000.000;19.833.942.999.999.900;738;4990;5728;weekdays;Lembab
495;09/05/2012;Summer;2012;May;0;Wednesday;Misty;23.575;2.765.125;744.167;14.499.604;620;4097;4717;weekdays;Lembab
496;10/05/2012;Summer;2012;May;0;Thrusday;Clear;20.739.152.999.999.900;2.458.915;552.083;21.042.220.999.999.900;1026;5546;6572;weekdays;Ideal
497;11/05/2012;Summer;2012;May;0;Friday;Clear;21.866.653;2.604.165;360.417;15.874.779;1319;5711;7030;weekdays;Kering
498;12/05/2012;Summer;2012;May;0;Saturday;Clear;23.130.847;2.724.085;480.417;8.249.911;2622;4807;7429;weekend;Ideal
499;13/05/2012;Summer;2012;May;0;Sunday;Clear;251.125;292.619;5.762.500.000.000.000;15.082.839;2172;3946;6118;weekend;Ideal
500;14/05/2012;Summer;2012;May;0;Monday;Misty;23.506.653;27.495.000.000.000.000;7.895.830.000.000.000;14.250.364;342;2501;2843;weekdays;Lembab
501;15/05/2012;Summer;2012;May;0;Tuesday;Misty;25.078.346.999.999.900;288.202;7.945.830.000.000.000;9.875.264;625;4490;5115;weekdays;Lembab
502;16/05/2012;Summer;2012;May;0;Wednesday;Clear;26.103.347;29.798.750.000.000.000;697.917;8.208.304;991;6433;7424;weekdays;Lembab
503;17/05/2012;Summer;2012;May;0;Thrusday;Clear;24.326.653;28.630.650.000.000.000;52.0;15.374.825.000.000.000;1242;6142;7384;weekdays;Ideal
504;18/05/2012;Summer;2012;May;0;Friday;Clear;23.130.847;2.755.605;5.233.330.000.000.000;9.166.739;1521;6118;7639;weekdays;Ideal
505;19/05/2012;Summer;2012;May;0;Saturday;Clear;24.599.999.999.999.900;28.345.399.999.999.900;45.625;5.626.325;3410;4884;8294;weekend;Ideal
506;20/05/2012;Summer;2012;May;0;Sunday;Clear;25.454.152.999.999.900;2.919.835;53.041.700.000.000.000;17.042.589;2704;4425;7129;weekend;Ideal
507;21/05/2012;Summer;2012;May;0;Monday;Misty;24.531.653;28.283.350.000.000.000;81.125;15.624.668;630;3729;4359;weekdays;Lembab
508;22/05/2012;Summer;2012;May;0;Tuesday;Misty;25.215;2.904.125;765.833;7.917.189;819;5254;6073;weekdays;Lembab
509;23/05/2012;Summer;2012;May;0;Wednesday;Misty;25.488.346.999.999.900;29.230.600.000.000.000;7.745.830.000.000.000;6.834;766;4494;5260;weekdays;Lembab
510;24/05/2012;Summer;2012;May;0;Thrusday;Clear;26.855;30.335;716.667;11.584.031.999.999.900;1059;5711;6770;weekdays;Lembab
511;25/05/2012;Summer;2012;May;0;Friday;Clear;27.880.000.000.000.000;3.137.645;7.470.830.000.000.000;941.685;1417;5317;6734;weekdays;Lembab
512;26/05/2012;Summer;2012;May;0;Saturday;Clear;28.392.500.000.000.000;32.134.800.000.000.000;73.25;13.332.464;2855;3681;6536;weekend;Lembab
513;27/05/2012;Summer;2012;May;0;Sunday;Clear;28.29;3.207.125;697.083;14.416.457;3283;3308;6591;weekend;Lembab
514;28/05/2012;Summer;2012;May;1;Monday;Clear;29.212.500.000.000.000;33.965;67.625;13.166.907;2557;3486;6043;weekdays;Lembab
515;29/05/2012;Summer;2012;May;0;Tuesday;Clear;29.622.500.000.000.000;336.496;6.845.830.000.000.000;197.918;880;4863;5743;weekdays;Lembab
516;30/05/2012;Summer;2012;May;0;Wednesday;Misty;26.923.347;3.055.645;67.0;9.000.043;745;6110;6855;weekdays;Lembab
517;31/05/2012;Summer;2012;May;0;Thrusday;Clear;27.880.000.000.000.000;31.566.450.000.000.000;492.917;13.083.693;1100;6238;7338;weekdays;Ideal
518;01/06/2012;Summer;2012;Jun;0;Friday;Misty;26.820.847;303.981;755.417;15.916.720.999.999.900;533;3594;4127;weekdays;Lembab
519;02/06/2012;Summer;2012;Jun;0;Saturday;Clear;23.916.653;283.144;549.167;12.499.654;2795;5325;8120;weekend;Ideal
520;03/06/2012;Summer;2012;Jun;0;Sunday;Clear;247.025;2.875.665;493.333;12.333.829;2494;5147;7641;weekend;Ideal
521;04/06/2012;Summer;2012;Jun;0;Monday;Clear;24.497.500.000.000.000;2.891.415;487.083;19.083.811;1071;5927;6998;weekdays;Ideal
522;05/06/2012;Summer;2012;Jun;0;Tuesday;Misty;22.174.153;26.294.600.000.000.000;613.333;14.041.525;968;6033;7001;weekdays;Ideal
523;06/06/2012;Summer;2012;Jun;0;Wednesday;Clear;22.720.847;271.146;6.112.499.999.999.990;5.167.375;1027;6028;7055;weekdays;Ideal
524;07/06/2012;Summer;2012;Jun;0;Thrusday;Clear;247.025;284.721;567.083;10.542.449.999.999.900;1038;6456;7494;weekdays;Ideal
525;08/06/2012;Summer;2012;Jun;0;Friday;Clear;26.615.847.000.000.000;298.931;46.791.700.000.000.000;11.750.661.000.000.000;1488;6248;7736;weekdays;Ideal
526;09/06/2012;Summer;2012;Jun;0;Saturday;Clear;29.144.153.000.000.000;32.418.350.000.000.000;437.083;9.667.229;2708;4790;7498;weekend;Kering
527;10/06/2012;Summer;2012;Jun;0;Sunday;Clear;29.793.346.999.999.900;33.175.850.000.000.000;53.833.299.999.999.900;8.959.307;2224;4374;6598;weekend;Ideal
528;11/06/2012;Summer;2012;Jun;0;Monday;Misty;29.554.153;3.298.605;58.791.700.000.000.000;13.916.771;1017;5647;6664;weekdays;Ideal
529;12/06/2012;Summer;2012;Jun;0;Tuesday;Misty;26.786.653;2.989.375;833.333;14.374.581.999.999.900;477;4495;4972;weekdays;Lembab
530;13/06/2012;Summer;2012;Jun;0;Wednesday;Clear;26.889.153;3.055.585;582.083;22.999.693;1173;6248;7421;weekdays;Ideal
531;14/06/2012;Summer;2012;Jun;0;Thrusday;Clear;26.581.653.000.000.000;31.219.150.000.000.000;56.958.299.999.999.900;17.000.111;1180;6183;7363;weekdays;Ideal
532;15/06/2012;Summer;2012;Jun;0;Friday;Clear;26.205.847.000.000.000;299.877;58.958.299.999.999.900;11.833.339;1563;6102;7665;weekdays;Ideal
533;16/06/2012;Summer;2012;Jun;0;Saturday;Clear;25.898.346.999.999.900;29.735.400.000.000.000;50.416.700.000.000.000;11.166.689;2963;4739;7702;weekend;Ideal
534;17/06/2012;Summer;2012;Jun;0;Sunday;Clear;242.925;2.859.875;59.875;9.708.568;2634;4344;6978;weekend;Ideal
535;18/06/2012;Summer;2012;Jun;0;Monday;Misty;23.301.652.999.999.900;272.421;7.779.169.999.999.990;11.707.982.000.000.000;653;4446;5099;weekdays;Lembab
536;19/06/2012;Summer;2012;Jun;0;Tuesday;Clear;28.221.653;327.346;69.0;9.917.139;968;5857;6825;weekdays;Lembab
537;20/06/2012;Summer;2012;Jun;0;Wednesday;Clear;32.082.499.999.999.900;3.604.875;592.083;7.625.404;872;5339;6211;weekdays;Ideal
538;21/06/2012;Fall;2012;Jun;0;Thrusday;Clear;33.039.153;376.271;567.917;7.958.729;778;5127;5905;weekdays;Ideal
539;22/06/2012;Fall;2012;Jun;0;Friday;Clear;31.877.499.999.999.900;3.620.605;57.375;12.250.414.000.000.000;964;4859;5823;weekdays;Ideal
540;23/06/2012;Fall;2012;Jun;0;Saturday;Clear;29.998.347;326.396;534.583;12.041.307;2657;4801;7458;weekend;Ideal
541;24/06/2012;Fall;2012;Jun;0;Sunday;Clear;30.476.653.000.000.000;337.127;479.167;9.750.174.999.999.990;2551;4340;6891;weekend;Ideal
542;25/06/2012;Fall;2012;Jun;0;Monday;Clear;29.349.153;327.021;50.416.700.000.000.000;20.125.661;1139;5640;6779;weekdays;Ideal
543;26/06/2012;Fall;2012;Jun;0;Tuesday;Clear;25.864.152.999.999.900;297.352;373.333;23.292.014;1077;6365;7442;weekdays;Kering
544;27/06/2012;Fall;2012;Jun;0;Wednesday;Clear;285.975;320.396;36.0;18.208.925;1077;6258;7335;weekdays;Kering
545;28/06/2012;Fall;2012;Jun;0;Thrusday;Clear;30.715.847;337.756;42.25;1.150.055;921;5958;6879;weekdays;Kering
546;29/06/2012;Fall;2012;Jun;0;Friday;Clear;34.200.847;3.933.065;48.875;11.082.939.000.000.000;829;4634;5463;weekdays;Ideal
547;30/06/2012;Fall;2012;Jun;0;Saturday;Clear;31.365.000.000.000.000;343.754;6.012.499.999.999.990;10.791.756.999.999.900;1455;4232;5687;weekend;Ideal
548;01/07/2012;Fall;2012;Jul;0;Sunday;Clear;33.449.153;3.753.145;5.187.500.000.000.000;11.291.443.000.000.000;1421;4110;5531;weekend;Ideal
549;02/07/2012;Fall;2012;Jul;0;Monday;Clear;32.048.347;351.019;447.083;13.082.889;904;5323;6227;weekdays;Kering
550;03/07/2012;Fall;2012;Jul;0;Tuesday;Clear;32.014.153;351.325;492.083;8.457.878.999.999.990;1052;5608;6660;weekdays;Ideal
551;04/07/2012;Fall;2012;Jul;1;Wednesday;Clear;32.355.847;3.661.685;5.387.499.999.999.990;9.041.649.999.999.990;2562;4841;7403;weekdays;Ideal
552;05/07/2012;Fall;2012;Jul;0;Thrusday;Clear;339.275;3.806.835;457.917;12.999.943;1405;4836;6241;weekdays;Ideal
553;06/07/2012;Fall;2012;Jul;0;Friday;Clear;33.961.653;3.762.665;450.833;9.791.514;1366;4841;6207;weekdays;Ideal
554;07/07/2012;Fall;2012;Jul;0;Saturday;Clear;35.328.347;4.024.565;492.083;10.958.118;1448;3392;4840;weekend;Ideal
555;08/07/2012;Fall;2012;Jul;0;Sunday;Clear;33.722.500.000.000.000;395.198;57.375;8.417.143;1203;3469;4672;weekend;Ideal
556;09/07/2012;Fall;2012;Jul;0;Monday;Misty;29.144.153.000.000.000;327.027;683.333;12.125.325;998;5571;6569;weekdays;Lembab
557;10/07/2012;Fall;2012;Jul;0;Tuesday;Misty;29.554.153;332.398;66.75;10.166.379.000.000.000;954;5336;6290;weekdays;Lembab
558;11/07/2012;Fall;2012;Jul;0;Wednesday;Clear;29.383.347;3.251.355;633.333;10.166.111;975;6289;7264;weekdays;Ideal
559;12/07/2012;Fall;2012;Jul;0;Thrusday;Clear;29.349.153;3.273.415;529.583;9.833.924.999.999.990;1032;6414;7446;weekdays;Ideal
560;13/07/2012;Fall;2012;Jul;0;Friday;Misty;29.998.347;3.339.665;485.833;541.695;1511;5988;7499;weekdays;Ideal
561;14/07/2012;Fall;2012;Jul;0;Saturday;Misty;28.836.653;333.021;6.991.669.999.999.990;9.626.493;2355;4614;6969;weekend;Lembab
562;15/07/2012;Fall;2012;Jul;0;Sunday;Clear;30.579.152.999.999.900;35.259.800.000.000.000;717.917;11.166.689;1920;4111;6031;weekend;Lembab
563;16/07/2012;Fall;2012;Jul;0;Monday;Clear;31.296.653.000.000.000;36.206.250.000.000.000;64.5;11.000.529;1088;5742;6830;weekdays;Ideal
564;17/07/2012;Fall;2012;Jul;0;Tuesday;Clear;33.551.653;3.778.415;50.583.299.999.999.900;7.666.743;921;5865;6786;weekdays;Ideal
565;18/07/2012;Fall;2012;Jul;0;Wednesday;Clear;32.526.652.999.999.900;3.727.915;577.083;9.208.614;799;4914;5713;weekdays;Ideal
566;19/07/2012;Fall;2012;Jul;0;Thrusday;Clear;31.57;357.321;600.417;11.083.743;888;5703;6591;weekdays;Ideal
567;20/07/2012;Fall;2012;Jul;0;Friday;Misty;27.299.153;3.065.125;844.167;14.000.789.000.000.000;747;5123;5870;weekdays;Lembab
568;21/07/2012;Fall;2012;Jul;0;Saturday;Light_Rainsnow;24.429.153;27.495.599.999.999.900;865.417;142.911;1264;3195;4459;weekend;Lembab
569;22/07/2012;Fall;2012;Jul;0;Sunday;Misty;273.675;31.156.250.000.000.000;76.25;62.926.936;2544;4866;7410;weekend;Lembab
570;23/07/2012;Fall;2012;Jul;0;Monday;Clear;30.408.347;3.450.085;6.941.669.999.999.990;9.291.761;1135;5831;6966;weekdays;Lembab
571;24/07/2012;Fall;2012;Jul;0;Tuesday;Clear;30.784.153;353.225;65.5;14.167.418;1140;6452;7592;weekdays;Lembab
572;25/07/2012;Fall;2012;Jul;0;Wednesday;Clear;29.690.847;327.027;45.0;110.416;1383;6790;8173;weekdays;Ideal
573;26/07/2012;Fall;2012;Jul;0;Thrusday;Clear;31.843.347;3.696.315;5.966.669.999.999.990;19.082.470.999.999.900;1036;5825;6861;weekdays;Ideal
574;27/07/2012;Fall;2012;Jul;0;Friday;Clear;32.048.347;3.671.085;59.458.299.999.999.900;10.250.464;1259;5645;6904;weekdays;Ideal
575;28/07/2012;Fall;2012;Jul;0;Saturday;Clear;30.989.152.999.999.900;348.802;613.333;10.542.449.999.999.900;2234;4451;6685;weekend;Ideal
576;29/07/2012;Fall;2012;Jul;0;Sunday;Clear;29.588.347;3.339.665;62.375;11.416.532;2153;4444;6597;weekend;Ideal
577;30/07/2012;Fall;2012;Jul;0;Monday;Clear;29.964.153;3.424.935;66.875;10.292.339;1040;6065;7105;weekdays;Lembab
578;31/07/2012;Fall;2012;Jul;0;Tuesday;Clear;29.246.653;33.144.800.000.000.000;7.041.669.999.999.990;11.083.475;968;6248;7216;weekdays;Lembab
579;01/08/2012;Fall;2012;Aug;0;Wednesday;Clear;294.175;333.654;67.75;9.458.993;1074;6506;7580;weekdays;Lembab
580;02/08/2012;Fall;2012;Aug;0;Thrusday;Clear;308.525;35.354.400.000.000.000;6.595.830.000.000.000;8.666.718;983;6278;7261;weekdays;Lembab
581;03/08/2012;Fall;2012;Aug;0;Friday;Misty;31.399.153;36.143.350.000.000.000;64.25;14.458.064;1328;5847;7175;weekdays;Ideal
582;04/08/2012;Fall;2012;Aug;0;Saturday;Clear;32.526.652.999.999.900;3.756.335;613.333;17.249.686;2345;4479;6824;weekend;Ideal
583;05/08/2012;Fall;2012;Aug;0;Sunday;Clear;31.535.847;3.655.395;65.25;19.458.206.999.999.900;1707;3757;5464;weekend;Lembab
584;06/08/2012;Fall;2012;Aug;0;Monday;Misty;308.525;355.123;654.167;8.666.718;1233;5780;7013;weekdays;Lembab
585;07/08/2012;Fall;2012;Aug;0;Tuesday;Misty;30.169.152.999.999.900;3.488.105;70.375;78.328.359.999.999.900;1278;5995;7273;weekdays;Lembab
586;08/08/2012;Fall;2012;Aug;0;Wednesday;Misty;30.75;35.385.850.000.000.000;6.729.169.999.999.990;74.169;1263;6271;7534;weekdays;Lembab
587;09/08/2012;Fall;2012;Aug;0;Thrusday;Clear;30.989.152.999.999.900;349.754;620.417;10.458.699.999.999.900;1196;6090;7286;weekdays;Ideal
588;10/08/2012;Fall;2012;Aug;0;Friday;Misty;29.349.153;333.971;7.158.330.000.000.000;16.000.471;1065;4721;5786;weekdays;Lembab
589;11/08/2012;Fall;2012;Aug;0;Saturday;Misty;28.392.500.000.000.000;3.191.335;732.917;13.834.093;2247;4052;6299;weekend;Lembab
590;12/08/2012;Fall;2012;Aug;0;Sunday;Clear;28.734.153.000.000.000;3.222.895;53.041.700.000.000.000;8.208.304;2182;4362;6544;weekend;Ideal
591;13/08/2012;Fall;2012;Aug;0;Monday;Clear;29.554.153;33.112.700.000.000.000;54.541.700.000.000.000;9.126.204;1207;5676;6883;weekdays;Ideal
592;14/08/2012;Fall;2012;Aug;0;Tuesday;Clear;29.793.346.999.999.900;33.838.950.000.000.000;686.667;11.333.586;1128;5656;6784;weekdays;Lembab
593;15/08/2012;Fall;2012;Aug;0;Wednesday;Clear;28.973.347;3.270.185;619.583;11.374.657.000.000.000;1198;6149;7347;weekdays;Ideal
594;16/08/2012;Fall;2012;Aug;0;Thrusday;Clear;29.485.847;327.344;51.916.700.000.000.000;9.500.332;1338;6267;7605;weekdays;Ideal
595;17/08/2012;Fall;2012;Aug;0;Friday;Clear;29.656.653;12.120.000.000.000.000;570.833;15.500.718;1483;5665;7148;weekdays;Ideal
596;18/08/2012;Fall;2012;Aug;0;Saturday;Clear;27.811.653;30.903.550.000.000.000;603.333;11.917.089;2827;5038;7865;weekend;Ideal
597;19/08/2012;Fall;2012;Aug;0;Sunday;Misty;26.069.153;301.777;711.667;579.215;1208;3341;4549;weekend;Lembab
598;20/08/2012;Fall;2012;Aug;0;Monday;Misty;26.069.153;29.798.350.000.000.000;734.167;8.708.593;1026;5504;6530;weekdays;Lembab
599;21/08/2012;Fall;2012;Aug;0;Tuesday;Clear;26.615.847.000.000.000;30.051.250.000.000.000;67.375;48.756.436;1081;5925;7006;weekdays;Lembab
600;22/08/2012;Fall;2012;Aug;0;Wednesday;Clear;273.675;310.927;677.083;4.708.981.100.000.000;1094;6281;7375;weekdays;Lembab
601;23/08/2012;Fall;2012;Aug;0;Thrusday;Clear;28.529.153;318.504;635.833;56.679.186;1363;6402;7765;weekdays;Ideal
602;24/08/2012;Fall;2012;Aug;0;Friday;Misty;28.802.500.000.000.000;32.355.000.000.000.000;61.5;48.337.686;1325;6257;7582;weekdays;Ideal
603;25/08/2012;Fall;2012;Aug;0;Saturday;Misty;27.128.347;30.934.800.000.000.000;712.917;16.375.336;1829;4224;6053;weekend;Lembab
604;26/08/2012;Fall;2012;Aug;0;Sunday;Misty;26.786.653;29.799.799.999.999.900;845.833;15.333.486;1483;3772;5255;weekend;Lembab
605;27/08/2012;Fall;2012;Aug;0;Monday;Clear;28.836.653;327.344;7.304.169.999.999.990;8.625.110.999.999.990;989;5928;6917;weekdays;Lembab
606;28/08/2012;Fall;2012;Aug;0;Tuesday;Clear;29.861.653;333.025;62.0;12.791.975;935;6105;7040;weekdays;Ideal
607;29/08/2012;Fall;2012;Aug;0;Wednesday;Clear;28.085;31.786.649.999.999.900;552.083;7.541.653.999.999.990;1177;6520;7697;weekdays;Ideal
608;30/08/2012;Fall;2012;Aug;0;Thrusday;Clear;28.973.347;3.263.895;590.417;51.668.189;1172;6541;7713;weekdays;Ideal
609;31/08/2012;Fall;2012;Aug;0;Friday;Clear;31.330.847.000.000.000;34.47;58.75;11.291.711;1433;5917;7350;weekdays;Ideal
610;01/09/2012;Fall;2012;Sep;0;Saturday;Misty;30.886.653.000.000.000;351.327;638.333;75.835.289.999.999.900;2352;3788;6140;weekend;Ideal
611;02/09/2012;Fall;2012;Sep;0;Sunday;Misty;28.563.347;32.45;81.5;42.927.436;2613;3197;5810;weekend;Lembab
612;03/09/2012;Fall;2012;Sep;1;Monday;Clear;290.075;33.081.450.000.000.000;790.833;10.125.107;1965;4069;6034;weekdays;Lembab
613;04/09/2012;Fall;2012;Sep;0;Tuesday;Clear;29.759.152.999.999.900;343.444;75.5;15.833.507;867;5997;6864;weekdays;Lembab
614;05/09/2012;Fall;2012;Sep;0;Wednesday;Clear;30.203.346.999.999.900;3.544.915;74.125;12.583.136;832;6280;7112;weekdays;Lembab
615;06/09/2012;Fall;2012;Sep;0;Thrusday;Misty;28.563.347;32.766.450.000.000.000;810.417;9.542.207;611;5592;6203;weekdays;Lembab
616;07/09/2012;Fall;2012;Sep;0;Friday;Clear;28.836.653;328.602;73.625;11.500.282;1045;6459;7504;weekdays;Lembab
617;08/09/2012;Fall;2012;Sep;0;Saturday;Misty;27.025.847;30.556.050.000.000.000;7.991.669.999.999.990;18.833.968.000.000.000;1557;4419;5976;weekend;Lembab
618;09/09/2012;Fall;2012;Sep;0;Sunday;Clear;25.009.999.999.999.900;28.946.250.000.000.000;54.75;15.041.232;2570;5657;8227;weekend;Ideal
619;10/09/2012;Fall;2012;Sep;0;Monday;Clear;23.916.653;282.827;50.375;17.333.771.000.000.000;1118;6407;7525;weekdays;Ideal
620;11/09/2012;Fall;2012;Sep;0;Tuesday;Clear;23.677.500.000.000.000;277.146;52.0;61.676.314;1070;6697;7767;weekdays;Ideal
621;12/09/2012;Fall;2012;Sep;0;Wednesday;Clear;24.565.847;2.850.375;577.083;8.833.682;1050;6820;7870;weekdays;Ideal
622;13/09/2012;Fall;2012;Sep;0;Thrusday;Clear;251.125;289.779;63.708.299.999.999.900;55.422.936;1054;6750;7804;weekdays;Ideal
623;14/09/2012;Fall;2012;Sep;0;Friday;Clear;25.966.653;29.704.150.000.000.000;67.25;69.588.209.999.999.900;1379;6630;8009;weekdays;Lembab
624;15/09/2012;Fall;2012;Sep;0;Saturday;Clear;24.941.653.000.000.000;2.929.335;501.667;16.583.907;3160;5554;8714;weekend;Ideal
625;16/09/2012;Fall;2012;Sep;0;Sunday;Clear;23.779.999.999.999.900;2.815.625;5.699.999.999.999.990;6.042.281.099.999.990;2166;5167;7333;weekend;Ideal
626;17/09/2012;Fall;2012;Sep;0;Monday;Misty;23.814.153;27.652.500.000.000.000;734.583;10.166.713.999.999.900;1022;5847;6869;weekdays;Lembab
627;18/09/2012;Fall;2012;Sep;0;Tuesday;Misty;25.556.653;28.253.349.999.999.900;87.25;23.958.329;371;3702;4073;weekdays;Lembab
628;19/09/2012;Fall;2012;Sep;0;Wednesday;Clear;226.525;270.202;536.667;14.416.725;788;6803;7591;weekdays;Ideal
629;20/09/2012;Fall;2012;Sep;0;Thrusday;Clear;22.413.347;266.096;618.333;7.917.189;939;6781;7720;weekdays;Ideal
630;21/09/2012;Fall;2012;Sep;0;Friday;Clear;24.565.847;2.859.855;66.875;10.333.343.000.000.000;1250;6917;8167;weekdays;Lembab
631;22/09/2012;Fall;2012;Sep;0;Saturday;Clear;26.650.000.000.000.000;305.244;646.667;19.000.061;2512;5883;8395;weekend;Ideal
632;23/09/2012;Winter;2012;Sep;0;Sunday;Clear;21.695.847;25.946.649.999.999.900;467.083;14.958.286.000.000.000;2454;5453;7907;weekend;Ideal
633;24/09/2012;Winter;2012;Sep;0;Monday;Clear;21.080.847.000.000.000;2.512.565;492.917;9.541.068.000.000.000;1001;6435;7436;weekdays;Ideal
634;25/09/2012;Winter;2012;Sep;0;Tuesday;Clear;22.55;27.208.949.999.999.900;5.699.999.999.999.990;15.833.507;845;6693;7538;weekdays;Ideal
635;26/09/2012;Winter;2012;Sep;0;Wednesday;Clear;26.035;2.983.065;63.083.299.999.999.900;163.748;787;6946;7733;weekdays;Ideal
636;27/09/2012;Winter;2012;Sep;0;Thrusday;Misty;26.650.000.000.000.000;30.398.750.000.000.000;6.908.330.000.000.000;9.000.914;751;6642;7393;weekdays;Lembab
637;28/09/2012;Winter;2012;Sep;0;Friday;Misty;25.385.847.000.000.000;2.929.315;69.0;10.999.993;1045;6370;7415;weekdays;Lembab
638;29/09/2012;Winter;2012;Sep;0;Saturday;Clear;222.425;265.148;542.917;15.249.468;2589;5966;8555;weekend;Ideal
639;30/09/2012;Winter;2012;Sep;0;Sunday;Clear;21.593.347;2.588.315;583.333;9.042.186;2015;4874;6889;weekend;Ideal
640;01/10/2012;Winter;2012;Oct;0;Monday;Misty;21.354.153;25.6;649.167;60.838.814;763;6015;6778;weekdays;Ideal
641;02/10/2012;Winter;2012;Oct;0;Tuesday;Light_Rainsnow;24.224.153;27.116.649.999.999.900;8.716.669.999.999.990;69.998.249.999.999.900;315;4324;4639;weekdays;Lembab
642;03/10/2012;Winter;2012;Oct;0;Wednesday;Misty;269.575;2.995.665;79.375;44.585.686;728;6844;7572;weekdays;Lembab
643;04/10/2012;Winter;2012;Oct;0;Thrusday;Misty;269.575;30.398.750.000.000.000;722.917;7.875.582;891;6437;7328;weekdays;Lembab
644;05/10/2012;Winter;2012;Oct;0;Friday;Clear;25.215;2.900.935;6.274.999.999.999.990;712.545;1516;6640;8156;weekdays;Ideal
645;06/10/2012;Winter;2012;Oct;0;Saturday;Clear;22.720.847;2.692.605;6.641.669.999.999.990;17.957.675.000.000.000;3031;4934;7965;weekend;Lembab
646;07/10/2012;Winter;2012;Oct;0;Sunday;Misty;17.049.153;2.099.065;708.333;9.457.854.000.000.000;781;2729;3510;weekend;Lembab
647;08/10/2012;Winter;2012;Oct;1;Monday;Misty;15.716.652.999.999.900;193.804;709.583;12.708.492.999.999.900;874;4604;5478;weekdays;Lembab
648;09/10/2012;Winter;2012;Oct;0;Tuesday;Misty;18.313.347;219.056;7.616.669.999.999.990;127.501;601;5791;6392;weekdays;Lembab
649;10/10/2012;Winter;2012;Oct;0;Wednesday;Clear;21.080.847.000.000.000;251.571;63.083.299.999.999.900;12.584.007;780;6911;7691;weekdays;Ideal
650;11/10/2012;Winter;2012;Oct;0;Thrusday;Clear;17.835;2.155.835;463.333;12.166.932.000.000.000;834;6736;7570;weekdays;Ideal
651;12/10/2012;Winter;2012;Oct;0;Friday;Clear;179.375;2.165.355;5.391.669.999.999.990;15.751.164;1060;6222;7282;weekdays;Ideal
652;13/10/2012;Winter;2012;Oct;0;Saturday;Clear;16.126.653;195.698;494.583;9.791.514;2252;4857;7109;weekend;Ideal
653;14/10/2012;Winter;2012;Oct;0;Sunday;Clear;21.388.347;254.102;640.417;18.667.004.000.000.000;2080;4559;6639;weekend;Ideal
654;15/10/2012;Winter;2012;Oct;0;Monday;Misty;23.028.347;269.575;70.75;19.834.478.999.999.900;760;5115;5875;weekdays;Lembab
655;16/10/2012;Winter;2012;Oct;0;Tuesday;Clear;19.201.653;23.042.299.999.999.900;55.833.299.999.999.900;12.208.807;922;6612;7534;weekdays;Ideal
656;17/10/2012;Winter;2012;Oct;0;Wednesday;Clear;18.689.153;225.054;692.917;6.791.857;979;6482;7461;weekdays;Lembab
657;18/10/2012;Winter;2012;Oct;0;Thrusday;Misty;214.225;2.563.125;728.333;15.874.779;1008;6501;7509;weekdays;Lembab
658;19/10/2012;Winter;2012;Oct;0;Friday;Misty;23.096.653;26.894.800.000.000.000;81.5;9.041.917.999.999.990;753;4671;5424;weekdays;Lembab
659;20/10/2012;Winter;2012;Oct;0;Saturday;Clear;19.850.847;236.421;572.917;7.874.979;2806;5284;8090;weekend;Ideal
660;21/10/2012;Winter;2012;Oct;0;Sunday;Clear;19.030.847;2.282.145;51.0;11.125.618.000.000.000;2132;4692;6824;weekend;Ideal
661;22/10/2012;Winter;2012;Oct;0;Monday;Clear;199.875;241.471;56.833.299.999.999.900;54.593.811;830;6228;7058;weekdays;Ideal
662;23/10/2012;Winter;2012;Oct;0;Tuesday;Clear;22.310.847;265.152;6.416.669.999.999.990;63.345.686;841;6625;7466;weekdays;Ideal
663;24/10/2012;Winter;2012;Oct;0;Wednesday;Clear;24.087.500.000.000.000;2.793.605;63.625;48.762.064;795;6898;7693;weekdays;Ideal
664;25/10/2012;Winter;2012;Oct;0;Thrusday;Misty;22.55;264.844;800.417;8.333.125;875;6484;7359;weekdays;Lembab
665;26/10/2012;Winter;2012;Oct;0;Friday;Misty;22.379.153.000.000.000;26.137.500.000.000.000;807.083;8.875.289;1182;6262;7444;weekdays;Lembab
666;27/10/2012;Winter;2012;Oct;0;Saturday;Misty;21.73;25.756.649.999.999.900;72.0;15.791.364.000.000.000;2643;5209;7852;weekend;Lembab
667;28/10/2012;Winter;2012;Oct;0;Sunday;Misty;195.775;2.338.855;694.583;26.666.535.999.999.900;998;3461;4459;weekend;Lembab
668;29/10/2012;Winter;2012;Oct;0;Monday;Light_Rainsnow;18.04;21.97;88.0;239.994;2;20;22;weekdays;Lembab
669;30/10/2012;Winter;2012;Oct;0;Tuesday;Misty;13.045.462;1.549.545;825.455;14.271.603;87;1009;1096;weekdays;Lembab
670;31/10/2012;Winter;2012;Oct;0;Wednesday;Misty;14.657.499.999.999.900;18.055;666.667;11.166.689;419;5147;5566;weekdays;Lembab
671;01/11/2012;Winter;2012;Nov;0;Thrusday;Misty;14.999.153.000.000.000;184.971;58.166.700.000.000.000;10.542.182;466;5520;5986;weekdays;Ideal
672;02/11/2012;Winter;2012;Nov;0;Friday;Clear;14.555;17.802.100.000.000.000;52.208.299.999.999.900;17.833.725;618;5229;5847;weekdays;Ideal
673;03/11/2012;Winter;2012;Nov;0;Saturday;Misty;14.076.653;161.923;49.125;18.125.443;1029;4109;5138;weekend;Ideal
674;04/11/2012;Winter;2012;Nov;0;Sunday;Clear;13.359.153;164.769;532.917;12.000.236;1201;3906;5107;weekend;Ideal
675;05/11/2012;Winter;2012;Nov;0;Monday;Clear;13.085.847;15.403.749.999.999.900;49.416.700.000.000.000;15.833.775.000.000.000;378;4881;5259;weekdays;Ideal
676;06/11/2012;Winter;2012;Nov;0;Tuesday;Clear;11.514.153;1.407.835;567.083;11.625.371;466;5220;5686;weekdays;Ideal
677;07/11/2012;Winter;2012;Nov;0;Wednesday;Misty;12.129.153;1.373.105;54.75;20.375.236;326;4709;5035;weekdays;Ideal
678;08/11/2012;Winter;2012;Nov;0;Thrusday;Clear;14.439.134;1.709.455;333.478;23.304.945;340;4975;5315;weekdays;Kering
679;09/11/2012;Winter;2012;Nov;0;Friday;Clear;14.828.347;1.777.065;540.833;14.375.386;709;5283;5992;weekdays;Ideal
680;10/11/2012;Winter;2012;Nov;0;Saturday;Clear;15.955.846.999.999.900;19.696.849.999.999.900;645.417;38.756.686;2090;4446;6536;weekend;Ideal
681;11/11/2012;Winter;2012;Nov;0;Sunday;Clear;17.254.153.000.000.000;2.108.565;6.591.669.999.999.990;85.425;2290;4562;6852;weekend;Lembab
682;12/11/2012;Winter;2012;Nov;1;Monday;Clear;19.884.999.999.999.900;2.376.915;7.416.669.999.999.990;11.625.639;1097;5172;6269;weekdays;Lembab
683;13/11/2012;Winter;2012;Nov;0;Tuesday;Misty;14.076.653;1.616.125;6.629.169.999.999.990;22.917.082;327;3767;4094;weekdays;Lembab
684;14/11/2012;Winter;2012;Nov;0;Wednesday;Clear;11.855.847;1.407.815;552.083;13.374.875;373;5122;5495;weekdays;Ideal
685;15/11/2012;Winter;2012;Nov;0;Thrusday;Misty;13.188.346.999.999.900;162.246;620.417;10.250.129.000.000.000;320;5125;5445;weekdays;Ideal
686;16/11/2012;Winter;2012;Nov;0;Friday;Clear;14.145;173.602;524.583;11.458.675.000.000.000;484;5214;5698;weekdays;Ideal
687;17/11/2012;Winter;2012;Nov;0;Saturday;Clear;13.325.000.000.000.000;1.631.915;54.541.700.000.000.000;12.041.843;1313;4316;5629;weekend;Ideal
688;18/11/2012;Winter;2012;Nov;0;Sunday;Clear;140.425;168.873;692.917;15.250.004;922;3747;4669;weekend;Lembab
689;19/11/2012;Winter;2012;Nov;0;Monday;Misty;15.614.152.999.999.900;1.878.105;623.333;15.749.489;449;5050;5499;weekdays;Ideal
690;20/11/2012;Winter;2012;Nov;0;Tuesday;Misty;15.340.847.000.000.000;1.903.335;68.5;5.542.575;534;5100;5634;weekdays;Lembab
691;21/11/2012;Winter;2012;Nov;0;Wednesday;Clear;14.486.653;182.446;61.375;6.917.482.000.000.000;615;4531;5146;weekdays;Ideal
692;22/11/2012;Winter;2012;Nov;1;Thrusday;Clear;13.940.000.000.000.000;17.518.549.999.999.900;580.417;35.423.436;955;1470;2425;weekdays;Ideal
693;23/11/2012;Winter;2012;Nov;0;Friday;Clear;15.101.653;1.893.895;56.875;9.917.407;1603;2307;3910;weekdays;Ideal
694;24/11/2012;Winter;2012;Nov;0;Saturday;Clear;11.411.653;124.371;404.583;25.250.357;532;1745;2277;weekend;Kering
695;25/11/2012;Winter;2012;Nov;0;Sunday;Clear;10.079.153;12.879.150.000.000.000;468.333;10.083.499.999.999.900;309;2115;2424;weekend;Ideal
696;26/11/2012;Winter;2012;Nov;0;Monday;Clear;12.846.652.999.999.900;16.950.200.000.000.000;53.541.700.000.000.000;31.255.499.999.999.900;337;4750;5087;weekdays;Ideal
697;27/11/2012;Winter;2012;Nov;0;Tuesday;Misty;11.958.347;140.779;786.667;15.916.654;123;3836;3959;weekdays;Lembab
698;28/11/2012;Winter;2012;Nov;0;Wednesday;Clear;12.163.347;14.488.100.000.000.000;50.625;14.125.007;198;5062;5260;weekdays;Ideal
699;29/11/2012;Winter;2012;Nov;0;Thrusday;Clear;1.151.567;14.921.100.000.000.000;55.565.200.000.000.000;7.739.974;243;5080;5323;weekdays;Ideal
700;30/11/2012;Winter;2012;Nov;0;Friday;Clear;12.231.653.000.000.000;16.193.350.000.000.000;6.495.830.000.000.000;39.175.436;362;5306;5668;weekdays;Ideal
701;01/12/2012;Winter;2012;Dec;0;Saturday;Misty;12.231.653.000.000.000;158.452;806.667;40.001.814;951;4240;5191;weekend;Lembab
702;02/12/2012;Winter;2012;Dec;0;Sunday;Misty;14.247.499.999.999.900;179.604;823.333;8.333.393.000.000.000;892;3757;4649;weekend;Lembab
703;03/12/2012;Winter;2012;Dec;0;Monday;Clear;18.552.500.000.000.000;227.898;76.75;55.422.936;555;5679;6234;weekdays;Lembab
704;04/12/2012;Winter;2012;Dec;0;Tuesday;Clear;19.509.153;234.527;73.375;11.666.643;551;6055;6606;weekdays;Lembab
705;05/12/2012;Winter;2012;Dec;0;Wednesday;Clear;17.971.653;214.006;48.5;21.709.407;331;5398;5729;weekdays;Ideal
706;06/12/2012;Winter;2012;Dec;0;Thrusday;Clear;10.489.152.999.999.900;129.102;50.875;11.708.518;340;5035;5375;weekdays;Ideal
707;07/12/2012;Winter;2012;Dec;0;Friday;Misty;13.154.152.999.999.900;16.097.900.000.000.000;764.167;87.502;349;4659;5008;weekdays;Lembab
708;08/12/2012;Winter;2012;Dec;0;Saturday;Misty;15.648.347;194.754;91.125;6.792.393;1153;4429;5582;weekend;Lembab
709;09/12/2012;Winter;2012;Dec;0;Sunday;Misty;15.750.846.999.999.900;195.073;905.417;10.584.325;441;2787;3228;weekend;Lembab
710;10/12/2012;Winter;2012;Dec;0;Monday;Misty;17.869.153;2.177.875;92.5;12.750.636;329;4841;5170;weekdays;Lembab
711;11/12/2012;Winter;2012;Dec;0;Tuesday;Misty;14.486.653;1.691.815;5.966.669.999.999.990;19.834.478.999.999.900;282;5219;5501;weekdays;Ideal
712;12/12/2012;Winter;2012;Dec;0;Wednesday;Misty;121.975;148.669;53.833.299.999.999.900;10.916.779;310;5009;5319;weekdays;Ideal
713;13/12/2012;Winter;2012;Dec;0;Thrusday;Clear;12.129.153;147.094;485.833;11.666.643;425;5107;5532;weekdays;Ideal
714;14/12/2012;Winter;2012;Dec;0;Friday;Clear;11.548.347;147.096;6.429.169.999.999.990;8.792.343;429;5182;5611;weekdays;Ideal
715;15/12/2012;Winter;2012;Dec;0;Saturday;Clear;13.290.847;1.691.915;650.417;712.545;767;4280;5047;weekend;Lembab
716;16/12/2012;Winter;2012;Dec;0;Sunday;Misty;14.862.499.999.999.900;184.969;83.875;6.749.714;538;3248;3786;weekend;Lembab
717;17/12/2012;Winter;2012;Dec;0;Monday;Misty;16.126.653;20.075.000.000.000.000;907.083;6.583.306.100.000.000;212;4373;4585;weekdays;Lembab
718;18/12/2012;Winter;2012;Dec;0;Tuesday;Clear;16.844.153;20.485.400.000.000.000;66.625;14.834.067.999.999.900;433;5124;5557;weekdays;Lembab
719;19/12/2012;Winter;2012;Dec;0;Wednesday;Clear;136.325;171.081;625.417;12.334.164.000.000.000;333;4934;5267;weekdays;Ideal
720;20/12/2012;Winter;2012;Dec;0;Thrusday;Misty;13.530.000.000.000.000;16.760.849.999.999.900;6.679.169.999.999.990;8.875.021;314;3814;4128;weekdays;Lembab
721;21/12/2012;Spring;2012;Dec;0;Friday;Misty;13.393.346.999.999.900;1.508.835;55.666.700.000.000.000;25.083.661.000.000.000;221;3402;3623;weekdays;Ideal
722;22/12/2012;Spring;2012;Dec;0;Saturday;Clear;10.899.153;1.180.565;44.125;27.292.182;205;1544;1749;weekend;Kering
723;23/12/2012;Spring;2012;Dec;0;Sunday;Clear;10.079.153;1.297.355;515.417;8.916.561;408;1379;1787;weekend;Ideal
724;24/12/2012;Spring;2012;Dec;0;Monday;Misty;9.483.464;12.945;791.304;51.744.368.000.000.000;174;746;920;weekdays;Lembab
725;25/12/2012;Spring;2012;Dec;1;Tuesday;Misty;11.943.464;14.723.249.999.999.900;7.347.829.999.999.990;11.304.642;440;573;1013;weekdays;Lembab
726;26/12/2012;Spring;2012;Dec;0;Wednesday;Light_Rainsnow;9.976.652.999.999.990;1.101.665;823.333;21.208.582;9;432;441;weekdays;Lembab
727;27/12/2012;Spring;2012;Dec;0;Thrusday;Misty;10.420.846.999.999.900;113.321;6.529.169.999.999.990;23.458.911;247;1867;2114;weekdays;Lembab
728;28/12/2012;Spring;2012;Dec;0;Friday;Misty;10.386.652.999.999.900;127.523;59.0;10.416.557;644;2451;3095;weekdays;Ideal
729;29/12/2012;Spring;2012;Dec;0;Saturday;Misty;10.386.652.999.999.900;12.120.000.000.000.000;7.529.169.999.999.990;8.333.661;159;1182;1341;weekend;Lembab
730;30/12/2012;Spring;2012;Dec;0;Sunday;Clear;10.489.152.999.999.900;11.584.999.999.999.900;483.333;23.500.518;364;1432;1796;weekend;Ideal
731;31/12/2012;Spring;2012;Dec;0;Monday;Misty;8.849.153;1.117.435;57.75;10.374.682;439;2290;2729;weekdays;Ideal
